Source;Target;Type;Weight
"AZN2";"CNV2";Directed;1
"ESCL";"SR1";Directed;2
"ARRB2";"JA2";Directed;3
"CFM";"GCZ6";Directed;1
"JLD1";"CNSL1";Directed;2
"MGB2";"HSA";Directed;1
"BRA4";"CPSF2";Directed;1
"DSS";"IPRN2";Directed;1
"PRL1";"SBNT";Directed;1
"DTR";"LIEG1";Directed;1
"ANTG1";"LDD2";Directed;1
"GUAR2";"CRZ";Directed;1
"MNSO1";"MGDE1";Directed;2
"ESPL2";"FNTA";Directed;2
"ACB1";"ELV1";Directed;1
"HUMB2";"ARSF4";Directed;2
"BVBR2";"BCM3";Directed;1
"CCBR";"SVT2";Directed;1
"SVT3";"LW1";Directed;3
"ARSM1";"ARSF3";Directed;2
"CMO1";"CMO";Directed;1
"JFB1";"GEST";Directed;1
"SOLP1";"HMBC1";Directed;1
"ESGZ1";"DNAP3";Directed;3
"BFTM4";"LDD1";Directed;1
"PCTV1";"PDV1";Directed;1
"MTCT2";"SARI2";Directed;1
"CUSF3";"CUS1";Directed;1
"AZN1";"MALM1";Directed;1
"GSUL1";"EZC4";Directed;1
"BVE2";"ERMI2";Directed;3
"SBR1";"PTCR1";Directed;2
"PCC1";"CMP1";Directed;1
"CMO3";"CLRG";Directed;1
"PMEL2";"RCD2";Directed;1
"ENX1";"ARSM1";Directed;3
"MFZ1";"PLUZ1";Directed;1
"APT1";"CART";Directed;1
"MNH1";"GJ1";Directed;2
"TLN2";"ESP2";Directed;1
"RM3";"JPAZ1";Directed;1
"ESCN1";"MOR1";Directed;1
"PRA2";"EMDN2";Directed;1
"NVL1";"PCTO1";Directed;2
"JM2";"PRG6";Directed;3
"SCT4";"MEIR";Directed;2
"MATI";"SMAT3";Directed;1
"PREG1";"ESCL";Directed;1
"CMO4";"OLIV";Directed;1
"BS6";"BVCT1";Directed;1
"ADA2";"RPM2";Directed;1
"PRU3";"AEPT1";Directed;1
"RTE2";"PERL2";Directed;1
"SAR2";"DJ1";Directed;1
"PRR5";"TRD5";Directed;2
"ISCP1";"DRB1";Directed;3
"E109";"VAL1";Directed;2
"ARSM1";"AFEI1";Directed;4
"CVO";"ALNV1";Directed;1
"PREL2";"CPR2";Directed;1
"BARR1";"IGRA1";Directed;1
"COEM";"VAL";Directed;1
"BRV2";"FTM2";Directed;1
"FG1";"HSM";Directed;1
"PREL4";"URBP1";Directed;1
"BRRO3";"PRU1";Directed;2
"SCAL4";"DCS4";Directed;1
"TNG2";"TVFC";Directed;1
"NDA2";"CMP2";Directed;1
"RDAG1";"RGDU";Directed;1
"CSJ4";"ISEP4";Directed;1
"PAL2";"PRG4";Directed;2
"CMO";"HSA3";Directed;2
"CTIO1";"MNSO1";Directed;2
"CRT2";"ESCL";Directed;5
"CSSM1";"ASZ1";Directed;1
"C302";"BV2";Directed;2
"MFOT2";"VLR2";Directed;1
"VINH2";"TAR6";Directed;1
"PREA2";"QSEC2";Directed;2
"SRRS1";"DP5";Directed;2
"MAIE2";"SBO1";Directed;1
"LIEG1";"CRTO3";Directed;3
"PINM1";"GC11";Directed;1
"IGRA2";"BARR2";Directed;1
"GTN2";"MAVO2";Directed;1
"RTP2";"CRVL";Directed;2
"RSUL2";"FAP2";Directed;2
"CORD4";"PRL8";Directed;1
"RNSG2";"QCM1";Directed;1
"SRRS1";"CSSR1";Directed;2
"IB3";"ST3";Directed;2
"CVI4";"NAT2";Directed;2
"ANTG2";"BRCP2";Directed;2
"GGC1";"RGLE1";Directed;3
"SDMC4";"SER2";Directed;1
"LBM1";"FCAS1";Directed;1
"TPM2";"FTCC6";Directed;1
"SJBC2";"ABSS2";Directed;3
"STG1";"JPR1";Directed;1
"PAUS2";"MTCT2";Directed;1
"NP2";"DDA2";Directed;1
"ST2";"AML3";Directed;3
"ROR1";"JMR";Directed;1
"SNG1";"CRST1";Directed;1
"PSL2";"SPC";Directed;1
"DJM1";"SO2";Directed;1
"ESP1";"TLN1";Directed;1
"TRH2";"MATR";Directed;1
"LAGE2";"VSG1";Directed;1
"BRP2";"ABM2";Directed;1
"BFTM3";"PDVD5";Directed;1
"SDP1";"ABSS1";Directed;3
"MERC2";"CAVE2";Directed;2
"ESR1";"SCRP5";Directed;3
"FS1";"ASRR3";Directed;1
"GC12";"PINM3";Directed;1
"CRTO3";"MLH5";Directed;3
"HSS1";"MV3";Directed;1
"TVBO1";"TVFO2";Directed;1
"SER2";"HMT1";Directed;1
"PREC1";"RAEP2";Directed;1
"IPRN2";"CVLO2";Directed;1
"DBT1";"CUS3";Directed;1
"IGRA1";"TCT1";Directed;1
"PRMR2";"MJP2";Directed;4
"RCP2";"SR3";Directed;1
"SMM2";"SMMM2";Directed;2
"RDS2";"PLG2";Directed;1
"CF1";"BRRS1";Directed;3
"CRG1";"LVDR1";Directed;1
"CRTM1";"ESTR1";Directed;2
"INFH1";"SRRS1";Directed;2
"PLG3";"FGTR2";Directed;1
"FTNH1";"DCAS1";Directed;2
"PRG2";"PAL5";Directed;2
"ARS7";"ENX1";Directed;1
"ASPL1";"IPO4";Directed;2
"MVP3";"MCE3";Directed;1
"RA1";"MRR1";Directed;2
"PDM3";"MMAI2";Directed;1
"COVH1";"RF1";Directed;2
"PGM1";"PJUV1";Directed;2
"PLG2";"CSXN2";Directed;3
"PRU2";"BTC2";Directed;1
"RPAC1";"PRD1";Directed;1
"ARDG3";"PHIP1";Directed;1
"MN2";"GUIF2";Directed;1
"ARS5";"ENX3";Directed;1
"APRD3";"CMSM1";Directed;1
"SR1";"BRB3";Directed;1
"SAL3";"OUTE3";Directed;1
"CGK2";"CNSL2";Directed;2
"MIM2";"SALM2";Directed;1
"PQBT2";"GODH3";Directed;1
"PDV1";"GFR1";Directed;1
"STJ3";"BRRS2";Directed;3
"BLD1";"TTS1";Directed;1
"BLM";"MCBL";Directed;3
"GUFS2";"FLO2";Directed;1
"RALG";"DAM";Directed;1
"PTH2";"ARJ2";Directed;2
"TPEN";"SEMR";Directed;1
"OTH1";"INFS1";Directed;3
"PRSM1";"HSM1";Directed;1
"PFOZ1";"ALFK1";Directed;1
"CAVE3";"FTN1";Directed;2
"DRB1";"OG1";Directed;3
"BCM2";"GRC1";Directed;5
"BCP1";"LGT3";Directed;1
"RA2";"CZV4";Directed;2
"ESCL";"ILH2";Directed;1
"STA2";"AP2";Directed;1
"MATR1";"TRH1";Directed;2
"PLIM1";"SVT3";Directed;3
"INFS2";"OTH2";Directed;3
"FTSR2";"RCMB2";Directed;2
"DT2";"PRDR2";Directed;2
"RAEP1";"CONT1";Directed;1
"LGAJ2";"MERC2";Directed;2
"TLHR2";"AVTE1";Directed;1
"PRCD4";"LGO3";Directed;1
"ALNV1";"NZ1";Directed;1
"NSHP2";"NSHP";Directed;1
"CSA3";"LDSM2";Directed;1
"MTD2";"FLO3";Directed;1
"MAKR5";"GSHP1";Directed;1
"VNEM2";"AAS2";Directed;1
"SRSD2";"STN2";Directed;1
"RCMB2";"ASRR4";Directed;2
"CFER1";"25AB1";Directed;1
"CRVL";"CCC2";Directed;2
"ST1";"IPO4";Directed;3
"SVT2";"DC1";Directed;1
"SCL2";"GAS3";Directed;1
"ABX1";"CPOV1";Directed;1
"CDR2";"R52";Directed;1
"SGMC2";"GLV2";Directed;2
"BRCP2";"CSR2";Directed;2
"MALM2";"AZN2";Directed;1
"DIU1";"DTR";Directed;1
"TRD5";"AAL3";Directed;2
"JGD2";"ELV2";Directed;1
"NATV";"JFPD2";Directed;1
"PRUE1";"DACM1";Directed;1
"BLG2";"TLHR2";Directed;2
"CSS2";"CMP4";Directed;1
"GU2";"CHC2";Directed;1
"AMRQ2";"PLC2";Directed;1
"VL1";"TAR5";Directed;1
"TRI1";"GIT1";Directed;4
"RCT2";"OG2";Directed;1
"CDR1";"PRUE1";Directed;1
"MANH2";"SCND1";Directed;1
"PDR2";"VALC2";Directed;3
"ASOT2";"OLB2";Directed;1
"SARI2";"TOR4";Directed;1
"SLZ1";"PDR4";Directed;1
"PRUE2";"CDR2";Directed;1
"PRS3";"FTMR3";Directed;1
"SMMM2";"FLOS2";Directed;2
"RBO2";"RGDU1";Directed;1
"BARO2";"PRCD2";Directed;1
"FGT2";"CSXS2";Directed;3
"RUL2";"RAEP3";Directed;1
"PIV1";"GLV1";Directed;3
"ANTG1";"BFTM1";Directed;1
"LDD6";"PREC1";Directed;2
"EC";"LGM1";Directed;3
"JA2";"CHAS2";Directed;3
"CMS4";"BCM5";Directed;2
"MPL4";"MPL1";Directed;1
"JB2";"CART2";Directed;5
"BTLH6";"SLZ1";Directed;3
"BLRB2";"BLFZ1";Directed;1
"MAIA";"VIS";Directed;1
"FG2";"MPL11";Directed;4
"VLC2";"PQN2";Directed;2
"PRL8";"PRDJ2";Directed;3
"RCP1";"VNFZ1";Directed;1
"CMIC1";"CZV1";Directed;3
"AM1";"JLD1";Directed;2
"SPC3";"PSL2";Directed;1
"OLV1";"FRRS3";Directed;1
"CORD7";"SBNT2";Directed;2
"MASC1";"PAST1";Directed;1
"CRZ1";"ERM4";Directed;3
"VIS3";"VIS4";Directed;2
"VLGE1";"AF1";Directed;2
"MLAM";"PREL4";Directed;1
"VGM3";"RLG3";Directed;1
"MAVO1";"GTN1";Directed;1
"CLRG";"PRL8";Directed;1
"AGR1";"VESS1";Directed;2
"AEPT1";"PRU2";Directed;3
"TSJN";"SBVT";Directed;1
"MJP2";"CDL2";Directed;4
"AM1";"JLD2";Directed;1
"5OTR1";"RNF1";Directed;1
"ACRD2";"AGM2";Directed;4
"CORD1";"CMO";Directed;1
"STN2";"TF2";Directed;1
"SO2";"ARR";Directed;1
"INF1";"ALFG1";Directed;1
"VDTM1";"TPG1";Directed;1
"AL1";"TRD6";Directed;1
"SVT1";"VDAM1";Directed;1
"RBHR1";"RPPC1";Directed;1
"AVLH2";"RDS2";Directed;1
"VTC2";"FTN2";Directed;2
"ISS1";"CAB1";Directed;1
"VSG1";"TVAS1";Directed;1
"CORI1";"PCUA1";Directed;4
"AP2";"RNSG2";Directed;1
"CVLO2";"BJ1";Directed;2
"FG1";"AQL1";Directed;3
"BFM8";"BL1";Directed;1
"AZC2";"RAEP4";Directed;1
"AR2";"RCT2";Directed;1
"FNTA";"DQL";Directed;2
"MAIZ";"QTAD2";Directed;1
"PREP2";"MCB";Directed;2
"PDR";"C24A1";Directed;2
"PDV4";"VLR6";Directed;1
"CORD2";"AAL4";Directed;1
"EMDN1";"PRA1";Directed;1
"CRTO4";"LIEG2";Directed;4
"PCID2";"ETRP2";Directed;3
"FMGC2";"QCH1";Directed;1
"GCRT1";"PRR1";Directed;2
"MAV1";"AANT3";Directed;2
"SCT1";"STBX1";Directed;3
"PRG2";"VILR";Directed;1
"DL5";"CNT3";Directed;1
"LGM2";"AH";Directed;3
"RNF2";"5OTR2";Directed;1
"BGJ2";"SCC2";Directed;1
"AEP";"EXP1";Directed;2
"LDD2";"CRRP2";Directed;1
"CVLO";"CPL2";Directed;1
"RMST4";"QRS2";Directed;1
"SONH";"PINH2";Directed;1
"ACDR2";"BRC2";Directed;1
"CVI1";"HPRL1";Directed;4
"FLU2";"DL2";Directed;1
"FTCC5";"TPM1";Directed;1
"STE2";"STCZ2";Directed;1
"SRGB1";"SRC2";Directed;1
"MRR2";"MTCV";Directed;1
"CM3";"GNR2";Directed;1
"SP1";"MATM1";Directed;3
"TRD1";"GCRT1";Directed;3
"BJ1";"ACST2";Directed;1
"IMTT1";"VIS2";Directed;1
"VILR";"DPV2";Directed;2
"GDR2";"QBV2";Directed;2
"UC2";"PCL2";Directed;4
"SCAT2";"PRDJ";Directed;1
"GGF";"CMO";Directed;6
"BV2";"ATSR2";Directed;2
"PDCM1";"CUTM1";Directed;1
"TELH2";"GSHP2";Directed;2
"CSE1";"BEL1";Directed;1
"STBX2";"SCT2";Directed;3
"AVLM1";"AM4";Directed;1
"RBR2";"RBRI1";Directed;1
"GNDV1";"ESP1";Directed;1
"CNSL1";"CGK1";Directed;2
"LGO4";"CREI2";Directed;1
"RNH1";"PQN1";Directed;2
"STJ1";"RGSM1";Directed;2
"ALFG2";"MRG2";Directed;3
"PDR1";"PRS1";Directed;2
"MAIA";"VBR2";Directed;2
"MS2";"RBRI1";Directed;3
"TMEI1";"AAS1";Directed;1
"RCD2";"BELA2";Directed;1
"CBN2";"CTSS2";Directed;1
"MOIN4";"PDV4";Directed;1
"CMS5";"BCM5";Directed;2
"VRD2";"JAE2";Directed;1
"URBP1";"1URBP3";Directed;1
"HML2";"ICDF1";Directed;2
"RGDI5";"SDMC4";Directed;1
"ESAS2";"LARJ2";Directed;1
"SST1";"BZ1";Directed;1
"RST4";"EQ4";Directed;1
"GLV1";"SGMC1";Directed;2
"PDI2";"RDA2";Directed;2
"MRL";"PRR1";Directed;1
"CMP4";"NDA1";Directed;2
"BRNS";"TVLR1";Directed;1
"PINT1";"AQR1";Directed;1
"DNAP4";"ESGZ2";Directed;2
"REAR2";"GNOR2";Directed;2
"QCMN1";"ESPH1";Directed;1
"BLG1";"AML1";Directed;1
"PFTT2";"ALVS2";Directed;1
"PMQ1";"CCB";Directed;1
"ENX2";"ASP4";Directed;8
"MSB1";"BRG1";Directed;1
"PSOC2";"MPL4";Directed;3
"FNT1";"ALFN2";Directed;1
"HIP2";"AQR2";Directed;1
"AAX1";"CTSS1";Directed;1
"PDR1";"PRS3";Directed;1
"JPAZ2";"RM4";Directed;1
"MTA2";"MALM2";Directed;1
"PREC1";"NSHP2";Directed;1
"CVI6";"CSBV1";Directed;4
"PASS3";"SRLZ1";Directed;1
"PRS2";"PDR2";Directed;2
"PRFL";"GGF1";Directed;3
"DCS3";"SCAL1";Directed;1
"ENXN4";"PND1";Directed;1
"STJ4";"BRCC2";Directed;2
"JLD2";"MEIL1";Directed;2
"CSR2";"IRM2";Directed;1
"DTR";"RFAR1";Directed;2
"PP1";"PMQ1";Directed;1
"TCRZ2";"PDEH2";Directed;1
"CCA2";"QTAD1";Directed;1
"PRF2";"EIR3";Directed;4
"ERMD2";"STNH2";Directed;1
"GOA2";"HMT2";Directed;1
"ECC1";"RGD1";Directed;2
"RALG";"SI1";Directed;1
"AAL4";"TRD3";Directed;1
"SMM6";"LARJ1";Directed;1
"IGAL1";"PDVD3";Directed;3
"TVA2";"AZV";Directed;1
"CMS2";"BCM1";Directed;3
"CORI2";"CCOR";Directed;4
"MLAR1";"FEP2";Directed;2
"ZIND3";"BRRO3";Directed;2
"GRC1";"CSBV";Directed;5
"DJOA4";"BLM";Directed;7
"FTV1";"FSCA1";Directed;1
"RTE4";"BZ2";Directed;1
"LRD1";"PLM1";Directed;3
"SJB1";"ABM1";Directed;1
"HSJ1";"ASP3";Directed;2
"CORM2";"BRO2";Directed;4
"GATS2";"RPPC2";Directed;1
"BRRO4";"ZIND4";Directed;2
"PTLS3";"SMAT2";Directed;1
"AVLH3";"TFV3";Directed;1
"TFL2";"CDL2";Directed;1
"MLAR2";"OUTE4";Directed;2
"AREI2";"JD4";Directed;1
"PARR2";"SCL2";Directed;1
"TFV2";"AVLH2";Directed;1
"HSPH1";"QSEC1";Directed;2
"VNFZ2";"RCP2";Directed;1
"SR4";"SRGB3";Directed;5
"NDA2";"CMP1";Directed;1
"CRTD";"CBMN";Directed;1
"LGDM2";"COB3";Directed;4
"SEMR";"VALE";Directed;1
"MRG1";"ALFG1";Directed;3
"SMM5";"GFR2";Directed;1
"VFRR2";"PTHS2";Directed;2
"SL1";"LVR2";Directed;1
"RGLO1";"PMAI1";Directed;3
"DRB2";"ISCP2";Directed;1
"QNV2";"JCT2";Directed;1
"STC1";"FLU4";Directed;2
"CSP2";"VFM6";Directed;2
"PNHL1";"TARG1";Directed;1
"PINM3";"FOCO3";Directed;3
"SRPT1";"MTB3";Directed;3
"FTM2";"PNV3";Directed;1
"SLZ1";"DT2";Directed;2
"ANT2";"MAV2";Directed;3
"CSP1";"ADA4";Directed;2
"PIV2";"TNG2";Directed;3
"VSV2";"CBD2";Directed;1
"TPT1";"TMEI1";Directed;1
"AL7";"SBNT";Directed;3
"AKI2";"HRC2";Directed;1
"LMB1";"PCRR1";Directed;1
"JAE2";"ARNH2";Directed;1
"JN3";"PRR1";Directed;1
"HSM3";"CONS3";Directed;2
"SAM2";"SSB2";Directed;1
"MPAZ1";"EFRD1";Directed;1
"SRHH1";"PJGL1";Directed;1
"FCA";"PLNT2";Directed;1
"RTP1";"EBSR1";Directed;1
"SMAT4";"MATI2";Directed;1
"ARS3";"AA2";Directed;3
"CRJ1";"PCRJ1";Directed;1
"TRBG2";"HGAI1";Directed;1
"CAB2";"ISS2";Directed;1
"VARZ1";"STO1";Directed;3
"MV3";"SALM1";Directed;1
"PCB1";"CVC1";Directed;1
"AML1";"TLHO1";Directed;1
"CAB3";"JSP";Directed;1
"SSB1";"VDN1";Directed;2
"ALD2";"PFMA2";Directed;2
"CART1";"JB1";Directed;4
"ESTR2";"CRTM2";Directed;2
"FRX3";"RSH";Directed;2
"SM2";"SMM2";Directed;2
"DDA1";"NP1";Directed;1
"PCNS";"CSRT3";Directed;1
"RNSG1";"AP1";Directed;1
"RCA";"FEL1";Directed;3
"MRT2";"MEIL2";Directed;2
"SRHH2";"AZC1";Directed;1
"SHRM4";"QCM2";Directed;1
"BCG";"SP";Directed;2
"GND2";"ALM2";Directed;1
"PARR3";"SCL3";Directed;1
"GODH4";"PQBT4";Directed;1
"BCM5";"BS8";Directed;2
"INSA2";"CMPT2";Directed;2
"COLS";"PRDJ";Directed;1
"PDAM3";"SM3";Directed;1
"ERMD1";"RGNG1";Directed;1
"PCID3";"DAFC2";Directed;1
"HSJ7";"ASP3";Directed;1
"CPL2";"VFM2";Directed;1
"FLO1";"GUFS1";Directed;1
"DSQ";"CMS3";Directed;1
"ARS2";"ARSM1";Directed;3
"DJM1";"SO3";Directed;1
"CRST2";"SNG2";Directed;1
"ELV2";"ACB2";Directed;1
"SRRS2";"LGAV1";Directed;1
"MCST2";"9AG1";Directed;1
"CRTO1";"MLH1";Directed;2
"AZC3";"HMGL5";Directed;1
"IPO4";"HSJ7";Directed;2
"ARRV2";"QULH2";Directed;1
"LNC1";"PRD3";Directed;1
"GCZ6";"BRBQ4";Directed;1
"PRR1";"FIG";Directed;3
"RSH";"SP3";Directed;2
"GRJ";"APT3";Directed;1
"ANTZ1";"PLC1";Directed;1
"FCH2";"MLH3";Directed;2
"AANT4";"DC2";Directed;1
"RDA1";"NVL1";Directed;2
"GGC2";"FMGO2";Directed;2
"C62";"AEP";Directed;1
"SJB2";"PINM6";Directed;1
"2PREL2";"URBP2";Directed;1
"PISA1";"RCTL1";Directed;1
"CREI1";"LGO5";Directed;1
"GU1";"GDM11";Directed;1
"PLM2";"ALX1";Directed;1
"AZC1";"HSPH1";Directed;2
"SCC2";"ESPH2";Directed;1
"LDDM";"REV2";Directed;1
"LRD2";"JB2";Directed;5
"PAV2";"RTNM";Directed;3
"TEC";"FCA";Directed;1
"RNF1";"MARG1";Directed;1
"QULH2";"ARRG2";Directed;1
"RM4";"2PREL2";Directed;1
"LDD6";"LDDM";Directed;1
"PINH2";"5OTR2";Directed;1
"FSCA1";"APDL1";Directed;1
"CRR2";"FRR2";Directed;2
"PNG3";"JD1";Directed;1
"PMS2";"RMAR2";Directed;1
"BVLH3";"SVP2";Directed;3
"CBMN2";"ALDN2";Directed;1
"1PVC1";"PRI1";Directed;2
"LARJ2";"SMM3";Directed;2
"AAS2";"SCT2";Directed;1
"SRVM2";"SRV2";Directed;1
"5OTB2";"HB2";Directed;1
"ASZ1";"PP1";Directed;1
"PDV2";"PCTV2";Directed;1
"BRR2";"ESTV2";Directed;2
"ETRP2";"CQ9";Directed;1
"VIS1";"VIS5";Directed;1
"MP3";"1SGZ1";Directed;1
"PCV2";"FCH2";Directed;2
"PBSS1";"CMP1";Directed;1
"IPO4";"HSJ8";Directed;2
"AZV2";"LGT2";Directed;1
"TMTS2";"RMT3";Directed;1
"SAN1";"SNG1";Directed;1
"VASG2";"RTEL2";Directed;1
"RMT3";"LGDM2";Directed;1
"ESP2";"GNDV2";Directed;1
"MGDE2";"MNSO2";Directed;2
"BVE1";"5OTR1";Directed;3
"FEL1";"CVD1";Directed;3
"VRD1";"FRNS1";Directed;1
"BRTC1";"GODH5";Directed;1
"RBRI2";"RBR1";Directed;1
"PRG2";"PAL4";Directed;4
"ANG";"JD2";Directed;2
"2PVC2";"JBR2";Directed;2
"RGT1";"CRMT1";Directed;1
"MERC1";"LGAJ1";Directed;2
"CMP1";"PBSS4";Directed;1
"BPTL1";"JRC1";Directed;1
"DPV3";"JM1";Directed;1
"PLM2";"LRD2";Directed;3
"BAR1";"ALVS1";Directed;1
"CVA2";"CMIC1";Directed;2
"MCAU4";"JCT1";Directed;1
"LOUR3";"PERL1";Directed;1
"MTRA";"ASZE1";Directed;1
"SRPT2";"PPR2";Directed;3
"BRRS1";"STJ2";Directed;3
"ALD1";"VLRA3";Directed;1
"DQL";"ALXH3";Directed;2
"CPNH2";"JP2";Directed;1
"CSTM1";"MP3";Directed;1
"DIU1";"MFZ2";Directed;3
"PCVL2";"IGRL2";Directed;1
"VDAM";"CCBR";Directed;1
"CPSF1";"BRA1";Directed;1
"PNV3";"GC2";Directed;2
"RPAC2";"CMEI2";Directed;1
"CRR1";"PTHS1";Directed;2
"RGDU1";"RDAG2";Directed;1
"BRSE2";"QTL2";Directed;1
"PRDJ";"PRFL";Directed;2
"FRN1";"TVBO1";Directed;1
"CVA1";"CMIC1";Directed;1
"OUTE4";"SAL4";Directed;1
"SP4";"MATM1";Directed;1
"ARJ2";"REAR2";Directed;2
"DV2";"DVE1";Directed;1
"RDAG2";"MP2";Directed;1
"EDP1";"FRX2";Directed;1
"TXP1";"MPL7";Directed;3
"PRCD1";"BARO1";Directed;1
"MPN1";"PRMV1";Directed;1
"BLRB3";"GCRT";Directed;2
"TARG2";"PNHL2";Directed;1
"CSBV1";"MRS2";Directed;4
"MS1";"SBNT3";Directed;5
"PNV2";"FTM4";Directed;1
"CSC";"PRF2";Directed;4
"AGU2";"GJ2";Directed;2
"SMM1";"SM1";Directed;1
"VLR2";"BOVT2";Directed;1
"SGMC1";"DDN1";Directed;2
"LGO3";"FTM5";Directed;2
"AZC3";"LDD9";Directed;1
"JMR";"FRXI2";Directed;1
"PHIP2";"ARDG4";Directed;1
"CPNH2";"JP3";Directed;1
"VTO4";"CMO1";Directed;1
"BVCM3";"BS2";Directed;2
"CSSR1";"LGET1";Directed;2
"CHV1";"CVN1";Directed;3
"AAL4";"TRD1";Directed;2
"MTP1";"EDM1";Directed;2
"CBD2";"SPAZ2";Directed;1
"EDP2";"NDA2";Directed;2
"AMSE";"LEIR2";Directed;1
"SVP1";"BVLH1";Directed;3
"SRHR";"CARR2";Directed;1
"CTS2";"HPRL4";Directed;1
"TEIB2";"CUTM2";Directed;1
"CAZ";"SCR4";Directed;3
"CMEI2";"BOIM2";Directed;1
"ISS2";"AGU2";Directed;2
"MRG1";"ALFG3";Directed;1
"CZV3";"RA1";Directed;2
"FTMR4";"PRS4";Directed;1
"EIR3";"BFM4";Directed;4
"CRVL1";"RTP3";Directed;1
"CNSL2";"AM2";Directed;2
"APDL2";"FSCA2";Directed;1
"QCM1";"SHRM2";Directed;1
"BLG1";"AML2";Directed;1
"AGRO2";"VTC2";Directed;2
"FG1";"CONS3";Directed;1
"ZIND2";"ANV2";Directed;1
"REAL1";"TVLR1";Directed;1
"PLNT1";"GRJ";Directed;1
"SRC2";"1CNTM2";Directed;1
"IGRL1";"PCVL1";Directed;1
"CNT4";"DL6";Directed;1
"ACN1";"FG3";Directed;1
"IPO4";"HSJ9";Directed;2
"PDC";"LGAV2";Directed;2
"ENXN3";"LMG2";Directed;1
"SMAT1";"RGDI3";Directed;1
"ART7";"QRS1";Directed;1
"GODS";"MTCR2";Directed;1
"PT2";"PG2";Directed;3
"CF2";"LW2";Directed;3
"NEV3";"PRCD4";Directed;1
"EZC1";"MPAZ5";Directed;1
"VFM1";"CPL1";Directed;1
"STLZ3";"SEND1";Directed;2
"BVCT1";"CZV3";Directed;2
"GONS1";"GGT3";Directed;1
"TLN1";"VDTM1";Directed;1
"FLO2";"GUFE2";Directed;1
"BZ1";"RTE3";Directed;1
"CORD7";"AL1";Directed;2
"GNR2";"PLU2";Directed;1
"RFZ";"MRD";Directed;1
"MCBL1";"TRD4";Directed;2
"RAL3";"PDM3";Directed;1
"VCHS1";"25AB1";Directed;2
"ASP4";"HSJ12";Directed;2
"PRCD2";"LGO3";Directed;1
"QNV1";"DMAN1";Directed;1
"PREC2";"AZC3";Directed;2
"AALB1";"JBR1";Directed;1
"BCH2";"CDFT2";Directed;1
"GCR1";"VCHS1";Directed;2
"MCE1";"BIC1";Directed;1
"1CDR2";"CSTM2";Directed;1
"PRR7";"JN4";Directed;1
"RUL1";"SRP1";Directed;1
"DAC2";"ASOT2";Directed;4
"PRI1";"MFZ1";Directed;2
"GODH5";"LOTA1";Directed;3
"SM5";"VLR5";Directed;1
"CMO";"HSA1";Directed;1
"5OUT2";"DDN2";Directed;2
"TRM1";"RGLO1";Directed;3
"RGR1";"APRD1";Directed;2
"1SGZ1";"TPM1";Directed;1
"BS8";"PRG2";Directed;1
"ABVT2";"FTM1";Directed;1
"SBNT";"MS2";Directed;5
"GSUL2";"EPC1";Directed;1
"NEV2";"MAL2";Directed;1
"PLG1";"VFR1";Directed;2
"ASOT2";"INFS2";Directed;3
"BCM1";"AGM1";Directed;5
"ACN1";"CONS2";Directed;1
"AF2";"VLGE1";Directed;2
"VFM2";"SVP1";Directed;3
"PIC2";"FTS2";Directed;1
"RNH2";"RBD2";Directed;2
"CQ10";"TIM2";Directed;2
"TPT1";"SCT1";Directed;3
"TCT2";"IGRA2";Directed;1
"FCAS2";"LBM";Directed;1
"FMGO3";"AS1";Directed;1
"RMT1";"TMTS1";Directed;1
"CPTO1";"PREG1";Directed;1
"CML2";"GAN2";Directed;2
"MPAZ5";"IMTT1";Directed;2
"TVLR2";"REAL2";Directed;1
"BRO1";"CORM1";Directed;4
"FNT2";"AHRQ2";Directed;1
"ADNV1";"BARR1";Directed;1
"EDRG4";"FVLH2";Directed;4
"SR2";"TPT1";Directed;4
"ALFK1";"CREI1";Directed;1
"PSG";"VNFZ2";Directed;1
"CAL2";"CUS4";Directed;1
"FMAI";"EXP6";Directed;1
"SRD1";"EMZ1";Directed;2
"ISEP2";"AVTE2";Directed;1
"MANH1";"MCAU4";Directed;1
"CVD1";"ISCP1";Directed;3
"ASZ2";"CSSM2";Directed;1
"APRD2";"CMSM1";Directed;1
"CRRS1";"TVFO1";Directed;1
"PRDJ1";"PRFL";Directed;2
"JAZ";"VIS4";Directed;1
"BEL1";"BOVT1";Directed;1
"CORD3";"CMO";Directed;2
"PTM2";"STL2";Directed;2
"PTHS1";"VFRR1";Directed;2
"RMST3";"TMPR1";Directed;1
"CRZ";"PFTT2";Directed;1
"FND2";"4CAM3";Directed;1
"EBSR1";"SRD1";Directed;2
"JCT2";"MCU3";Directed;1
"SA4";"QCH2";Directed;1
"ICDF1";"TRH2";Directed;1
"LMBG1";"RFER1";Directed;1
"CMIC2";"ICDF1";Directed;2
"FND1";"COVN1";Directed;1
"COB4";"AGOM1";Directed;4
"CAL1";"PCRQ1";Directed;1
"MNSO2";"CTIO2";Directed;2
"GTN2";"STCB2";Directed;1
"SM1";"CSSM1";Directed;1
"RLG4";"VGM4";Directed;1
"QTAD1";"PIN1";Directed;1
"CAVE1";"GNR1";Directed;1
"BLAM2";"PDR";Directed;1
"RDA2";"PTD2";Directed;2
"MED1";"CN1";Directed;1
"NZ2";"ALNV2";Directed;1
"STLZ4";"RL2";Directed;1
"AZV";"LGT2";Directed;1
"AML3";"AZ";Directed;1
"PHIP1";"SAMP1";Directed;2
"CRG2";"AST2";Directed;1
"STBX1";"OTH1";Directed;3
"FRXI6";"OLV2";Directed;1
"MCB";"DJM1";Directed;2
"BRCC2";"RCON";Directed;2
"SSD2";"ESAS2";Directed;1
"RMOS1";"AST1";Directed;1
"GLV2";"PIV2";Directed;3
"JP2";"ACNT2";Directed;1
"SMJT1";"LGAV3";Directed;1
"CCC3";"CRVL1";Directed;1
"MEIR";"SR6";Directed;1
"SRP3";"RSR3";Directed;1
"BRSL";"STLZ1";Directed;1
"CMS3";"BCM1";Directed;1
"HSA1";"CORD1";Directed;1
"GDR1";"PTD1";Directed;2
"HPRL1";"CI21";Directed;4
"VFRR1";"ECC1";Directed;2
"VAL1";"LEIR";Directed;1
"CMO";"HSA5";Directed;8
"SAM1";"ESRT1";Directed;1
"MTD1";"AGR3";Directed;1
"AHRQ1";"FNT1";Directed;1
"PRDJ1";"HSA1";Directed;1
"HIP1";"PAS1";Directed;1
"VALC1";"PDR1";Directed;3
"FMGC1";"CHAO1";Directed;1
"CRST1";"ACNT1";Directed;1
"LGAV2";"BRRS";Directed;1
"BSS1";"FOCO1";Directed;3
"CSS3";"HER2";Directed;2
"STE1";"ESTV1";Directed;2
"CPOV1";"STCB1";Directed;1
"PSEC1";"CMPO";Directed;2
"EDRG3";"CRJ1";Directed;4
"PSG1";"CPTO1";Directed;1
"FCAS1";"QTR1";Directed;1
"BVBR2";"BCM1";Directed;1
"PMV2";"QSTG2";Directed;1
"PINM5";"SJB1";Directed;1
"BS7";"BVCT1";Directed;1
"NVL2";"PDI2";Directed;2
"AQR2";"PINT2";Directed;1
"FRRS1";"ROR1";Directed;1
"ALVS2";"BAR2";Directed;1
"QCM4";"RSR4";Directed;1
"FRA2";"DACM2";Directed;1
"PT2";"PJUV2";Directed;3
"LDSM1";"CSA3";Directed;1
"CDPD";"SO4";Directed;1
"CCC1";"ROSA1";Directed;1
"BFTM1";"REV1";Directed;1
"C24A2";"BFM1";Directed;2
"PRD1";"LNC2";Directed;1
"CRRS2";"JPR2";Directed;1
"TMPR1";"LGCP1";Directed;1
"MAV2";"SCRP6";Directed;3
"TVG2";"TSL2";Directed;2
"ARRG2";"IGMI2";Directed;1
"CZV1";"QTAM1";Directed;4
"ANTZ2";"VRM2";Directed;1
"AF1";"CHA1";Directed;2
"TLHR3";"MIS4";Directed;1
"PRNT";"PMQ2";Directed;1
"TVFO1";"TVBO2";Directed;1
"PDM2";"RAL4";Directed;1
"CLVR1";"CMV";Directed;3
"LW2";"SVT4";Directed;3
"ACNT2";"CRST2";Directed;1
"NAT1";"CVI6";Directed;3
"ACDR1";"LBM1";Directed;1
"CONT1";"HIPD";Directed;1
"SJB1";"IRM1";Directed;3
"AMR2";"REXP2";Directed;1
"BCM1";"BS6";Directed;1
"CUS4";"TFV2";Directed;1
"CUS4";"DBT2";Directed;1
"AL1";"TRD4";Directed;1
"GRC1";"OLM";Directed;1
"LVR3";"SL2";Directed;1
"ASP1";"BRSL";Directed;1
"R15";"R1";Directed;1
"RTES2";"ESRT2";Directed;1
"AQR1";"HIP1";Directed;1
"TRD5";"AAL1";Directed;2
"ISEP3";"UC3";Directed;1
"LMG1";"ENXN4";Directed;1
"JNN2";"CRTO4";Directed;4
"PRDJ2";"MCBL1";Directed;3
"FARM1";"STG1";Directed;1
"BRRG2";"CAM3";Directed;1
"HSJ10";"HSJ4";Directed;1
"PAS1";"JFB1";Directed;1
"MAV1";"AANT4";Directed;1
"PDVD4";"IGAL2";Directed;2
"25AB2";"CFER2";Directed;1
"AQL1";"PISC";Directed;3
"GSHP1";"TELH1";Directed;2
"LBM";"ACDR2";Directed;1
"ASRR1";"RCMB1";Directed;2
"DCAS2";"FTNH2";Directed;2
"CONT";"AZC1";Directed;1
"BCG";"SPTO1";Directed;1
"GUD2";".";Directed;1
"FSNT1";"ICAM2";Directed;1
"PING1";"MFZ2";Directed;1
"BCM1";"BVCM3";Directed;1
"ARSR1";"ARS5";Directed;3
"BRO2";"SGM";Directed;4
"C24A2";"BFM8";Directed;1
"PLUZ1";"PGON1";Directed;2
"MATC1";"GOA2";Directed;1
"SRVM2";"BPTL2";Directed;1
"CERR1";"PRQC1";Directed;1
"MOR1";"RFZ";Directed;1
"CMP1";"PBSS2";Directed;2
"PFMA2";"IGAL1";Directed;2
"SCL1";"PARR1";Directed;1
"ALXH1";"COD3";Directed;1
"MTE";"TLR";Directed;1
"MTB3";"CSXS1";Directed;3
"9AG2";"MCST1";Directed;1
"ELV1";"JGD1";Directed;1
"HSM4";"LAPA2";Directed;2
"1PRU1";"AEPT1";Directed;1
"QRS2";"ART8";Directed;1
"TMTS1";"RSMT1";Directed;1
"ART8";"MAIN4";Directed;1
"AJA2";"PCRQ2";Directed;1
"RALG";"CAZ";Directed;3
"ACAR";"ESGZ1";Directed;1
"CSAD1";"ANV1";Directed;1
"MS2";"RBR1";Directed;3
"ALDN2";"GUAR2";Directed;1
"GGF1";"CMO4";Directed;1
"BFAL1";"MCAM1";Directed;1
"PLNT1";"CART1";Directed;4
"RFON2";"APRD3";Directed;1
"FLU3";"CRVH1";Directed;1
"TOR1";"SARI1";Directed;1
"MPAZ2";"MPAZ1";Directed;1
"RCMB1";"FTSR1";Directed;3
"ASRR3";"RCMB1";Directed;1
"BS1";"BCM1";Directed;1
"ESPL1";"QSPL1";Directed;2
"RFND1";"AHRQ1";Directed;1
"RFER2";"LMBG2";Directed;1
"GCRT2";"TRD5";Directed;1
"GENT3";"JMRR2";Directed;2
"SCL4";"PARR4";Directed;1
"SR6";"SR5";Directed;2
"AST2";"RMOS2";Directed;1
"SCRP5";"MAV1";Directed;3
"SXO1";"AGAS1";Directed;2
"ISNT1";"VGM1";Directed;1
"STJ2";"ACO1";Directed;3
"AQL2";"FG2";Directed;3
"DAFC1";"PCID4";Directed;1
"FTNH2";"BLRB3";Directed;2
"VBR2";"JZOO1";Directed;2
"LW1";"CF1";Directed;3
"MRS2";"CMS1";Directed;1
"ADA1";"CI31";Directed;1
"JZOO2";"VBR1";Directed;2
"MALM1";"MTA3";Directed;1
"QTL1";"CTV1";Directed;1
"BAT1";"ALMG1";Directed;1
"VARZ2";"CB2";Directed;3
"PRFL";"GGF";Directed;6
"PJUV2";"PGM2";Directed;3
"SOLP2";"PCVL2";Directed;1
"SAR1";"DJ1";Directed;1
"DCPF1";"SRG1";Directed;2
"IPO4";"HSJ3";Directed;1
"STNH1";"ERMD1";Directed;1
"FRN2";"CRPO2";Directed;4
"JBR1";"1PVC1";Directed;2
"RFND2";"PSR2";Directed;1
"BRV3";"FTM2";Directed;1
"HSJ8";"ASP3";Directed;2
"GDM1";"PRF1";Directed;4
"CDFT2";"JP1";Directed;1
"LOTA2";"GODH6";Directed;3
"IMAI1";"LAGE3";Directed;1
"VGM1";"ACBL1";Directed;1
"MVP2";"ALFG2";Directed;3
"C301";"BH1";Directed;2
"PINT2";"AC4";Directed;1
"BVCM3";"BS8";Directed;1
"ALVS1";"SA";Directed;1
"MSHP3";"RIGR1";Directed;1
"LEIR2";"COEM";Directed;1
"BVBR1";"HML2";Directed;2
"MGB2";"HSA1";Directed;1
"AM1";"AM3";Directed;1
"BVC2";"LV4";Directed;1
"GODH6";"MTSP2";Directed;2
"TFL1";"MJP1";Directed;4
"AAL";"PRFL";Directed;1
"VESS1";"RARR1";Directed;2
"MDL1";"MDLP";Directed;1
"APDL1";"FZL1";Directed;1
"AVLM2";"PML2";Directed;1
"PDVD4";"BFTM4";Directed;1
"ALT2";"AMRQ2";Directed;1
"ABM2";"SJB2";Directed;1
"FTC1";"BCNT";Directed;1
"RAEP1";"CONT";Directed;1
"CPU1";"AML2";Directed;1
"AGAS2";"SXO2";Directed;2
"FRRS3";"ROR2";Directed;1
"JLS2";"PRA2";Directed;1
"GC1";"PNV2";Directed;2
"MCAM2";"BFAL2";Directed;1
"PTLH";"OLB1";Directed;1
"ABX2";"BRG2";Directed;1
"LGM1";"LGEQ1";Directed;5
"EQ4";"MCE3";Directed;1
"PDAM4";"GUFS2";Directed;1
"FVLH2";"CSC";Directed;4
"FEUP2";"FEP1";Directed;2
"QSTG1";"PMV1";Directed;1
"JAZ2";"VIS5";Directed;1
"AS1";"RMOS1";Directed;1
"MIS4";"BRA5";Directed;1
"ALXH2";"ALF";Directed;1
"CEMT1";"LION1";Directed;1
"CORD2";"PRL8";Directed;1
"BRC2";"BRIB2";Directed;1
"LVR4";"5OTB2";Directed;1
"CUSF2";"CUS4";Directed;1
"JAE1";"VRD1";Directed;1
"ALPR1";"VDV2";Directed;4
"HSS1";"MV1";Directed;1
"AML3";"TLHO1";Directed;1
"PCT3";"PCTV1";Directed;1
"GODH3";"PDZ1";Directed;1
"AAS1";"VNEM1";Directed;1
"MCBL";"PRDJ1";Directed;3
"JM1";"PLNT1";Directed;5
"MRS2";"CMS5";Directed;2
"PREG";"CPTO";Directed;1
"PRU2";"BRRO4";Directed;1
"VLG5";"JLS2";Directed;1
"BRC1";"ACDR1";Directed;1
"MAKR6";"RSMT2";Directed;1
"SOUT2";"DMAN2";Directed;1
"BIC1";"PARR2";Directed;1
"ARS5";"ENX2";Directed;8
"LDD9";"QTI";Directed;1
"STL2";"MGDE2";Directed;2
"HSJ12";"IPO5";Directed;3
"STL1";"PTM1";Directed;2
"CRV1";"MATC1";Directed;2
"MAIZ";"MAII1";Directed;1
"LVDR1";"JLD2";Directed;1
"PAL4";"HSA";Directed;6
"SAR1";"AVM1";Directed;2
"BS9";"GONS1";Directed;1
"ABVT1";"LGO4";Directed;2
"CNTM";"CRT1";Directed;1
"MTCR2";"BVG2";Directed;1
"CHC2";"PMVA2";Directed;1
"MFOT1";"PSR1";Directed;1
"AAX2";"SRSD2";Directed;1
"CQ3";"MAL3";Directed;1
"ERM4";"VASG2";Directed;1
"MDLI";"FRGO";Directed;1
"CZV2";"BCM1";Directed;1
"ISEP2";"ISEP4";Directed;1
"SRC1";"NVT";Directed;1
"OTH2";"STBX2";Directed;3
"FMPT";"GAZ1";Directed;1
"5OTR2";"BVE2";Directed;3
"VIS5";"VIS1";Directed;1
"MEIL2";"AM2";Directed;2
"FCH1";"HMLM3";Directed;2
"SPTO1";"AVF2";Directed;1
"PTHS2";"CRR2";Directed;2
"FNTL1";"ACD1";Directed;2
"UC3";"PUNV";Directed;1
"MTCT1";"PAUS1";Directed;1
"OG1";"MOD1";Directed;2
"JBR2";"SRVM2";Directed;2
"IB2";"ISEP2";Directed;2
"MFZ2";"UC2";Directed;4
"RBD1";"RNH1";Directed;2
"COD3";"VGM5";Directed;1
"MAIN4";"MOIN4";Directed;1
"PAS2";"HIP2";Directed;1
"CMSM1";"BVC2";Directed;2
"LVR1";"SL2";Directed;1
"TRD3";"AL7";Directed;1
"ABMG1";"JAS1";Directed;1
"PRSM2";"GCRT2";Directed;1
"CONS2";"FG2";Directed;1
"FVLH1";"EDRG3";Directed;4
"BCP2";"PNG2";Directed;1
"AMR1";"BAT1";Directed;1
"FMGO1";"GGC1";Directed;2
"ELVG1";"PLU1";Directed;3
"STCB1";"PCN1";Directed;1
"PSOC2";"FG1";Directed;1
"CPL";"VFM2";Directed;1
"MCE4";"EQ3";Directed;1
"SRP2";"RUL2";Directed;1
"RCNH1";"CSAD1";Directed;2
"RPPC1";"GATS1";Directed;1
"TLHR1";"BLG1";Directed;2
"MVP1";"MCE1";Directed;3
"ICPU2";"VINH2";Directed;1
"AR1";"LARJ2";Directed;1
"ESTV1";"BRR1";Directed;2
"PERL1";"RTE1";Directed;1
"CRVH1";"GAS1";Directed;1
"PDEH2";"PCAR2";Directed;1
"LGT3";"BNJ1";Directed;1
"BELA1";"RCD1";Directed;1
"TPM2";"1SGZ2";Directed;1
"GUFE2";"ARCO2";Directed;1
"ASOT3";"DAC1";Directed;1
"ARS8";"RGSM2";Directed;2
"AVF2";"FRS";Directed;1
"MCE3";"MCE4";Directed;1
"CAVE4";"LGAJ2";Directed;2
"MRI1";"GA1";Directed;1
"ISG2";"ACBL2";Directed;1
"PAV1";"CLVR1";Directed;3
"RSR3";"QCM3";Directed;1
"SALM1";"MIM1";Directed;1
"SRGB1";"SR2";Directed;1
"LIEG2";"DIU1";Directed;4
"RCH1";"ACH1";Directed;1
"SPAZ1";"CBD1";Directed;1
"DVE1";"DISP2";Directed;1
"HER1";"CSS2";Directed;2
"RBX1";"RNOR1";Directed;2
"TPG2";"VDTM2";Directed;1
"25AB2";"VCHS";Directed;2
"AAL1";"AAL2";Directed;1
"AHRQ2";"RFND2";Directed;1
"ACH2";"RCH2";Directed;1
"EALX";"MARB";Directed;1
"RGSM2";"STJ4";Directed;2
"RF2";"COVH4";Directed;2
"MAKR4";"AKI2";Directed;1
"FTV2";"PMV2";Directed;1
"HPRL2";"CVI2";Directed;3
"RCNH2";"RARR2";Directed;2
"ARNH2";"FRX3";Directed;1
"ZOID2";"ASZ4";Directed;1
"HMGL5";"LDSM2";Directed;1
"SBO2";"MAIE1";Directed;1
"SM4";"PDAM4";Directed;1
"TIM1";"CQ5";Directed;2
"AANT3";"DCVT1";Directed;2
"PT3";"CMPT1";Directed;2
"PSR2";"MFOT2";Directed;1
"MF1";"VLN1";Directed;1
"MPN2";"ZIND2";Directed;1
"LV4";"PRMR2";Directed;1
"CPL1";"LGCL1";Directed;1
"CRM1";"BRRM1";Directed;1
"BCM5";"BS2";Directed;2
"CTSS2";"AAX2";Directed;1
"CVC1";"CMGS1";Directed;1
"RAEP3";"PREC2";Directed;2
"CRPO1";"FRN1";Directed;4
"SLZ3";"DQL1";Directed;2
"HSS2";"EMZ2";Directed;2
"FLU6";"GAS4";Directed;1
"PPR2";"CI22";Directed;4
"PDR4";"C24A4";Directed;1
"PINC2";"FRX1";Directed;1
"STO1";"STCZ1";Directed;3
"ASP3";"JFPD1";Directed;1
"SMMM1";"SMM1";Directed;2
"GUIF1";"MN1";Directed;1
"BOIM1";"CMEI1";Directed;1
"SMAI1";"DPV3";Directed;2
"MCAM1";"PCRJ2";Directed;1
"SNG2";"SAN2";Directed;1
"LIN2";"PAUS2";Directed;1
"BGND";"BTLH7";Directed;1
"JZOO1";"MAIZ";Directed;2
"FEP1";"MLAR2";Directed;2
"PDAM2";"GUFS2";Directed;1
"TNG1";"PIV1";Directed;3
"ABL1";"LMB1";Directed;1
"PND3";"ENXN3";Directed;1
"JCT1";"QNV1";Directed;1
"LMBG2";"PCRR2";Directed;1
"FLUN1";"PG1";Directed;3
"PRU2";"BRRO2";Directed;1
"CSS3";"CMP4";Directed;1
"LDD1";"ANTG2";Directed;1
"VGM5";"COD4";Directed;1
"MTB1";"VNC1";Directed;1
"CHA2";"AF2";Directed;2
"BRR1";"ATSR1";Directed;2
"STCB2";"CPOV2";Directed;2
"CQ8";"CQ3";Directed;1
"BOVT2";"BEL2";Directed;1
"FZL2";"APDL2";Directed;1
"PUNV";"FEP2";Directed;1
"PRR7";"TRD5";Directed;1
"ATSR2";"BRR2";Directed;2
"RBSS2";"SDP2";Directed;5
"PCID4";"ETRP2";Directed;1
"NTRT1";"ISNT1";Directed;1
"VLR1";"MFOT1";Directed;1
"SAMP1";"TSL1";Directed;2
"AKI1";"MAKR3";Directed;1
"PML2";"PVH2";Directed;1
"QSEC2";"HSPH2";Directed;2
"CCC2";"SO2";Directed;2
"C24A5";"DJOA4";Directed;5
"CN2";"MED2";Directed;1
"VDV2";"INFH2";Directed;2
"OG";"DB2";Directed;2
"ALM1";"GND1";Directed;1
"PDAM1";"MFP1";Directed;1
"CCL";"ALUM1";Directed;1
"COVN1";"9AG2";Directed;1
"5OUT1";"DCPF1";Directed;2
"PSL1";"SPC2";Directed;1
"AEC1";"LGM1";Directed;2
"5OTR1";"FNTE1";Directed;1
"SLOP";"TVG4";Directed;1
"C24A4";"DJOA4";Directed;1
"MLH2";"JNN2";Directed;1
"PMVA2";"PDM2";Directed;1
"TSL1";"TVG1";Directed;2
"RBX2";"RSUL2";Directed;2
"ESGZ2";"PREA2";Directed;2
"C24A3";"DJOA4";Directed;3
"AA1";"ARS2";Directed;3
"RFZ1";"MOR2";Directed;2
"GOA1";"ALFC1";Directed;2
"FARM2";"PIT2";Directed;1
"TIM1";"CQ10";Directed;2
"MATM3";"PDZ2";Directed;1
"BTLH4";"BGND";Directed;1
"EXP2";"AEP1";Directed;2
"CVI4";"BRCV";Directed;1
"QBNJ2";"TBNJ2";Directed;1
"CMR1";"VL1";Directed;1
"BAT2";"AMR2";Directed;1
"QTAM2";"CZV2";Directed;3
"BTLH5";"ESPL1";Directed;2
"STC2";"ALX2";Directed;2
"JD2";"PDC";Directed;2
"BTLH1";"PRDJ";Directed;4
"SCL3";"GAS2";Directed;1
"CHAS3";"JA1";Directed;1
"JP3";"CDFT1";Directed;1
"MP2";"MN2";Directed;1
"LCMS1";"HUMB1";Directed;1
"LGET1";"SO1";Directed;2
"HSA5";"PAL3";Directed;6
"NEVG1";"LNEV1";Directed;1
"IRM1";"CRM1";Directed;2
"GC2";"PINM3";Directed;2
"CI22";"HPRL2";Directed;3
"TPR";"FTC2";Directed;1
"MFZ1";"DTR";Directed;1
"REAL2";"LDD6";Directed;1
"ISEP4";"DSS";Directed;1
"BRA4";"MIS3";Directed;1
"TARG1";"ARDG3";Directed;1
"VIS1";"JAZ1";Directed;2
"DACM1";"FRA1";Directed;1
"PLU1";"CAVE1";Directed;3
"CAB4";"ISS2";Directed;1
"FCR1";"AC3";Directed;1
"SCC1";"BGJ1";Directed;1
"FLO4";"MTD1";Directed;1
"ALFN1";"ALXH1";Directed;1
"PAP2";"SHRM4";Directed;1
"TPI2";"AJA2";Directed;1
"FTM1";"BRV1";Directed;1
"TTS2";"BLD2";Directed;2
"RAL1";"PCB1";Directed;1
"PISC";"BSB";Directed;3
"NAVE2";"C24A3";Directed;3
"RFER1";"RBHR1";Directed;1
"SDP2";"MRS2";Directed;5
"DCVT1";"EDRG1";Directed;2
"ISCP2";"CVD2";Directed;1
"CMEI1";"RPAC1";Directed;1
"VLRA4";"ALD2";Directed;1
"PP2";"ASZ2";Directed;1
"ALFN2";"ALXH1";Directed;1
"ESRT2";"SAM2";Directed;1
"PLC2";"ANTZ2";Directed;1
"ATSR1";"BV1";Directed;2
"LGM2";"AEC2";Directed;2
"PBSS2";"CSS3";Directed;3
"MSHP3";"RGFT1";Directed;1
"UVDE2";"MIM2";Directed;1
"GENT";"CM3";Directed;1
"GAZ2";"CDPD";Directed;1
"IPRN2";"LGCL2";Directed;1
"VNEM1";"MRDR1";Directed;1
"CAVE1";"MERC1";Directed;2
"RMT1";"QBV1";Directed;3
"VML";"LGT1";Directed;2
"CI31";"CAM1";Directed;3
"BVLH2";"NAT1";Directed;1
"LGT1";"AZV1";Directed;1
"ASP1";"PPR2";Directed;1
"ARR";"FMPT";Directed;1
"SAN2";"CAB2";Directed;1
"ENV";"CTN1";Directed;1
"BCM4";"BS2";Directed;2
"ARJ1";"PTH1";Directed;2
"BNJ1";"QBNJ2";Directed;1
"VGM4";"CSSH3";Directed;1
"RL1";"STLZ3";Directed;1
"VDN4";"SSB2";Directed;2
"CCRN2";"LGCP2";Directed;1
"PCRQ1";"AJA1";Directed;1
"CERR2";"RPR";Directed;1
"CONS3";"VFM2";Directed;1
"MTSP1";"GODH5";Directed;2
"CBN1";"LVR1";Directed;1
"MTES1";"ABMG1";Directed;1
"LV2";"PRMR2";Directed;3
"ALNV2";"MDLI";Directed;1
"CTP";"AQL2";Directed;3
"MTD";"ALDN1";Directed;1
"MCE1";"SMAI1";Directed;2
"AGM1";"APT1";Directed;1
"DVE2";"MRI2";Directed;1
"TSL2";"SAMP2";Directed;2
"RST3";"VTO4";Directed;1
"SBR2";"CGK2";Directed;2
"BCM5";"BVCM3";Directed;1
"AL3";"SBNT2";Directed;2
"UFP2";"IPRN2";Directed;1
"SO2";"LGET2";Directed;2
"VIS5";"VIS3";Directed;1
"MATI2";"ALFC2";Directed;1
"SSD1";"ASZ3";Directed;1
"RIGR2";"RGFT1";Directed;2
"ENV2";"RBD2";Directed;1
"ANV2";"CSAD2";Directed;1
"TELH1";"INFH1";Directed;2
"MPAZ4";"MPAZ5";Directed;1
"CTIO2";"PTH2";Directed;2
"RCTL2";"PISA2";Directed;1
"PCL2";"TRR4";Directed;4
"CSR2";"BRRM2";Directed;1
"PRG1";"BS1";Directed;10
"AUL1";"SAL1";Directed;1
"JFPD1";"LCMS1";Directed;1
"EXP6";"EXP2";Directed;2
"BS5";"BCM2";Directed;1
"BPTL1";"SRVM1";Directed;1
"ESPH2";"QCMN2";Directed;1
"ARSF3";"HUMB1";Directed;2
"CALE";"BS8";Directed;1
"CQ8";"TIM2";Directed;2
"MAKR3";"GSHP1";Directed;1
"SRVM1";"AALB1";Directed;1
"ALT1";"MAIE2";Directed;1
"QTR1";"FCAS2";Directed;1
"ISNT2";"NTRT2";Directed;1
"JB1";"LRD1";Directed;5
"SCT2";"MEIR";Directed;4
"31JA2";"NOF2";Directed;1
"QTM2";"RL2";Directed;1
"TRI2";"AFEI2";Directed;4
"BLAM3";"PDR";Directed;2
"AAL1";"AAL4";Directed;1
"SVP2";"VFM3";Directed;3
"LDD2";"BFTM3";Directed;1
"OG2";"DRB2";Directed;1
"BRV1";"LDD1";Directed;1
"FG3";"CVLO2";Directed;1
"RFAR1";"MFZ2";Directed;1
"DAFC2";"DAH2";Directed;1
"HSA1";"CORD3";Directed;2
"ADNV2";"OLVR2";Directed;1
"AML3";"CPU2";Directed;1
"PGON1";"CRTO1";Directed;2
"DISP2";"TRBG2";Directed;1
"JMA";"BGJ2";Directed;1
"BRIB1";"BRC1";Directed;1
"CMS1";"BCM5";Directed;3
"GNR1";"SMJT1";Directed;1
"RMAR1";"PMS1";Directed;1
"ESED1";"ASP3";Directed;1
"MTSP2";"SAR2";Directed;3
"LGEQ1";"TFL1";Directed;5
"CI32";"ADA3";Directed;2
"HB1";"5OTB3";Directed;1
"PRD2";"RGLE2";Directed;2
"FRX4";"EDP2";Directed;2
"CDL2";"LGM2";Directed;5
"VFM6";"CNTT2";Directed;2
"EDRG1";"CRJ1";Directed;2
"SAL1";"OUTE3";Directed;1
"SRV2";"GC12";Directed;1
"31JA1";"OLV1";Directed;1
"R51";"R7N1";Directed;1
"PSR1";"RFND1";Directed;1
"REXP2";"EXP6";Directed;1
"PDR3";"COLS";Directed;1
"VSV1";"OLVR1";Directed;1
"LGAV1";"HGAI1";Directed;1
"TCT1";"ALFN1";Directed;1
"RBD2";"VRZL2";Directed;3
"TAR5";"VINH1";Directed;1
"RZAM2";"ACH2";Directed;1
"AGM1";"ACRD1";Directed;4
"LUCM1";"SBO1";Directed;1
"INFS1";"ASOT1";Directed;3
"RBR2";"MS1";Directed;3
"AFEI1";"TRI1";Directed;4
"RGDI3";"LFC";Directed;1
"PRG4";"JM1";Directed;4
"RAL3";"PDM1";Directed;1
"PJGL2";"SRHH2";Directed;1
"ASP4";"HSJ10";Directed;4
"VLC1";"FBC1";Directed;2
"ALVT2";"UFP2";Directed;1
"BVCM3";"BCM3";Directed;2
"PDM4";"RAL4";Directed;1
"MPL11";"MPL2";Directed;1
"OUTE2";"SOUT2";Directed;1
"ISRH4";"PAP2";Directed;1
"EXP1";"EXP5";Directed;2
"SBNT3";"AAL9";Directed;1
"RF1";"SPC";Directed;1
"VFM3";"VFM1";Directed;1
"PFOZ2";"JRC3";Directed;1
"VRZL2";"ARSR1";Directed;3
"CORM1";"CORI1";Directed;4
"BVCT1";"CZV1";Directed;1
"NOC";"BS9";Directed;1
"CHV2";"SCAL4";Directed;1
"CORD7";"PRL8";Directed;1
"FTN1";"VTC1";Directed;2
"TRD4";"PRFL";Directed;1
"ELVG2";"RBR2";Directed;4
"FRGO";"SAN3";Directed;1
"MAIA4";"SBO2";Directed;2
"JDEU4";"PVH1";Directed;1
"QTAM1";"CVI1";Directed;4
"BFB";"RCON";Directed;1
"SMM1";"SM5";Directed;1
"GDM11";"CCA2";Directed;1
"BCM4";"BVBR1";Directed;1
"MEIL1";"MRT1";Directed;2
"AM3";"AVLM2";Directed;1
"CVI4";"HPRL3";Directed;1
"PRDJ";"AAL4";Directed;1
"EZC3";"GSUL2";Directed;1
"PHIP2";"ARDG2";Directed;1
"IPO2";"CSJ4";Directed;1
"STN1";"SRSD1";Directed;1
"AEPT1";"BRRO4";Directed;1
"LARJ2";"SMM5";Directed;1
"MRD";"C24A2";Directed;1
"AANT4";"MAV2";Directed;2
"VRM2";"TMQ2";Directed;1
"PIN1";"MAII1";Directed;1
"TRR3";"PCL1";Directed;3
"CMV";"VALC1";Directed;3
"TNG2";"HUMB2";Directed;2
"EMDN2";"FTMR4";Directed;1
"DACM2";"PRUE2";Directed;1
"LPC";"TEC";Directed;1
"VAL1";"VAL";Directed;1
"PSP1";"IMAI2";Directed;1
"SRGB1";"SR1";Directed;1
"BZ2";"SST2";Directed;1
"DCPF2";"5OUT2";Directed;2
"TVLR1";"PQC1";Directed;1
"MAIE1";"ALT2";Directed;1
"REV1";"LDDM1";Directed;1
"CGG";"GODC1";Directed;1
"TRD4";"AL7";Directed;2
"MRS2";"CMS2";Directed;1
"MARB";"LPC";Directed;1
"HMBC1";"LCP1";Directed;1
"SAMP2";"PHIP2";Directed;2
"FTC2";"BFB";Directed;1
"IMTT2";"MPAZ6";Directed;1
"CB1";"VARZ1";Directed;3
"BNJ1";"FRX4";Directed;2
"ENX1";"ARS8";Directed;2
"PRG6";"VILR";Directed;1
"RGD1";"SXO1";Directed;2
"RL1";"QTM1";Directed;1
"STCZ1";"STE1";Directed;3
"LV1";"COB4";Directed;4
"IPO5";"ST2";Directed;3
"SPC1";"PSL1";Directed;1
"LPDZ";"BTLH6";Directed;3
"GGT3";"CHAS3";Directed;1
"MPL3";"FG1";Directed;1
"MPAZ3";"MPAZ4";Directed;1
"MARG2";"RNF2";Directed;1
"MSTO2";"BVLH2";Directed;1
"ZIND1";"MPN1";Directed;1
"ESED1";"HSJ10";Directed;1
"CAM1";"BRRG1";Directed;1
"GCR";"FTSR2";Directed;2
"FLU2";"DL5";Directed;1
"AGR3";"AGR2";Directed;1
"JSP";"MTE";Directed;1
"BS1";"BCM3";Directed;4
"CRT";"CHOL2";Directed;5
"GUFS1";"PDAM1";Directed;1
"BRB4";"SR6";Directed;1
"QTC1";"AEP";Directed;1
"SOUT1";"OUTE1";Directed;1
"RBRI1";"MRG1";Directed;4
"MRG2";"RBRI2";Directed;4
"RCRT2";"LNEV2";Directed;1
"RGSM1";"ROTA2";Directed;2
"MRDR2";"VNEM2";Directed;1
"PNG4";"TVA2";Directed;1
"PMVA1";"CHC1";Directed;1
"RBRI2";"PBLS";Directed;1
"IGRT2";"IGRT1";Directed;1
"MVTO1";"CERR1";Directed;1
"VESS2";"AGR2";Directed;2
"CART2";"GRJ";Directed;1
"HSM";"PRSM2";Directed;1
"IRM2";"SJB2";Directed;3
"AGR1";"AGR4";Directed;1
"SVT4";"PLIM2";Directed;3
"BS8";"PRG4";Directed;2
"TPT1";"SCT3";Directed;2
"FTSR4";"RCMB2";Directed;1
"SBO2";"LUCM2";Directed;1
"RIGR1";"ERMI1";Directed;3
"ASZE1";"MASC1";Directed;1
"NAVE1";"BL4";Directed;2
"RGLO2";"TRM2";Directed;3
"PERL2";"LOUR4";Directed;1
"GUIF1";"TOR1";Directed;1
"TRBG1";"LGAV3";Directed;1
"FGT1";"CSXN1";Directed;3
"DAH1";"DAFC1";Directed;1
"CRV2";"DNAP4";Directed;2
"PMAI1";"AGR1";Directed;3
"STE1";"CMR1";Directed;1
"TVFO2";"CRRS2";Directed;1
"CV1";"ACV";Directed;1
"LEIR";"TPEN";Directed;1
"GNOR2";"BVLB2";Directed;2
"MOD1";"SMM4";Directed;2
"ARSF4";"ARSM2";Directed;2
"BVCM3";"BVBR1";Directed;1
"INFH2";"TELH2";Directed;2
"HSJ5";"ESED2";Directed;1
"CBD1";"VSV1";Directed;1
"OUTE3";"MLAR1";Directed;2
"LARJ1";"AR2";Directed;1
"MTA3";"ARCO1";Directed;1
"HG3";"GENT";Directed;1
"LMB2";"ABL2";Directed;1
"SRG1";"FMGO1";Directed;2
"SI1";"ESCN1";Directed;1
"LAGE3";"LUCM1";Directed;1
"AV1";"QTL1";Directed;2
"QCMN2";"RTV2";Directed;1
"VNC2";"MTB2";Directed;1
"VN2";"CSX2";Directed;1
"PCAR1";"PDEH1";Directed;1
"LIN1";"RGDI5";Directed;1
"R52";"CZG2";Directed;1
"CTN2";"ENV2";Directed;1
"CRRP2";"BRV2";Directed;1
"MAIA3";"FOR1";Directed;1
"PFTT1";"MTD";Directed;1
"REAR1";"ARJ1";Directed;2
"BH1";"COVH1";Directed;2
"SBNT3";"PRDJ2";Directed;3
"QTL2";"AV2";Directed;2
"AAL2";"TRD1";Directed;2
"BLFZ1";"JN3";Directed;1
"MPL7";"MPL9";Directed;2
"JPR1";"CRRS1";Directed;1
"TRD3";"AAL9";Directed;1
"CVN2";"CHV2";Directed;3
"ACO2";"STJ3";Directed;3
"PRG6";"PAL4";Directed;2
"TRD1";"JR";Directed;1
"PAL5";"HSA1";Directed;2
"RCTL1";"ARDG1";Directed;1
"BH2";"C302";Directed;2
"25A2";"ICPU2";Directed;1
"TMQ2";"OUTE2";Directed;1
"AML4";"AZ";Directed;1
"IGAL2";"PFMA1";Directed;1
"ARCO1";"GUFE1";Directed;1
"ACBL2";"VGM2";Directed;1
"MSB2";"TPG2";Directed;1
"BLAM1";"PDR";Directed;1
"IFOZ1";"PASS3";Directed;1
"ERMI2";"RIGR2";Directed;3
"QSPL1";"JMRR1";Directed;2
"AC3";"PINT1";Directed;1
"EDM2";"MTP2";Directed;2
"JQA2";"FRXI7";Directed;1
"FRCL2";"ISG2";Directed;1
"VCHS";"GCR";Directed;2
"AS2";"FMGO4";Directed;1
"AGU1";"ISS1";Directed;2
"GAN2";"MRT2";Directed;2
"PBSS4";"PCC2";Directed;1
"GAS1";"SCL1";Directed;1
"MAVO2";"PCN2";Directed;1
"CRM1";"EFRD2";Directed;1
"LGCP2";"TMPR2";Directed;1
"FRA1";"PRU3";Directed;1
"BSB";"BCG";Directed;3
"CML1";"MSHP3";Directed;2
"LGT2";"RAZ";Directed;2
"CAM1";"TLHR1";Directed;2
"PPR1";"LARZ";Directed;1
"TAZ1";"4CAM4";Directed;1
"RCON";"ANT2";Directed;3
"HSJ7";"HSJ11";Directed;1
"IMAI2";"SL1";Directed;1
"BVG1";"MTCR1";Directed;1
"LGAV2";"HG3";Directed;1
"VDAM1";"SAL3";Directed;1
"SAL2";"AUL2";Directed;1
"QCM3";"LND1";Directed;1
"SCAL2";"SCT4";Directed;2
"RCH2";"PRQC2";Directed;1
"EDM1";"ASRR1";Directed;2
"ACH1";"RZAM1";Directed;1
"CSX2";"PLG3";Directed;1
"CZV2";"CMIC2";Directed;2
"EFRD2";"MPAZ3";Directed;1
"SJBC1";"SJB1";Directed;3
"NEVG";"MLH3";Directed;1
"PRI4";"2PVC2";Directed;2
"CZG1";"R51";Directed;1
"ARDG1";"PHIP1";Directed;1
"PREL5";"FR2";Directed;1
"CI21";"PPR1";Directed;4
"DNAP3";"CRV1";Directed;2
"OG1";"RCT1";Directed;1
"PRMV1";"PNHL1";Directed;1
"GGF1";"CMO";Directed;3
"CPR1";"PREL2";Directed;1
"LRD3";"MTRA";Directed;1
"OUTE1";"TMQ1";Directed;1
"BCM5";"BS4";Directed;1
"CPOV2";"ABX2";Directed;2
"ABX2";"1PRU1";Directed;1
"PDVD3";"CSA3";Directed;1
"VLGE1";"PRS2";Directed;2
"LMG2";"CMGS2";Directed;1
"BFM1";"GDM1";Directed;2
"PBLS";"TSJN";Directed;1
"DB2";"ASPL1";Directed;2
"LGCL2";"CPL";Directed;1
"CCA1";"GDM12";Directed;1
"INSA1";"BPTL1";Directed;2
"RGDU";"RBO1";Directed;1
"LAPA1";"HSM3";Directed;2
"ARS4";"VRZL1";Directed;3
"LARZ";"STLZ1";Directed;1
"BRCP1";"ANTG1";Directed;2
"MMAI1";"ARS5";Directed;1
"BCM1";"BS8";Directed;1
"BVG2";"25A2";Directed;1
"PCID3";"PCID1";Directed;3
"ARNH1";"JAE1";Directed;1
"R1";"R10";Directed;1
"DL2";"CNT2";Directed;1
"MATC1";"GOA1";Directed;2
"RIGR2";"MSHP4";Directed;1
"HRC1";"AKI1";Directed;1
"DJ1";"CFM";Directed;2
"OL2";"PLE";Directed;1
"RBD1";"ENV";Directed;1
"QTI";"REAL1";Directed;1
"RPM2";"MSTO2";Directed;1
"FRR2";"VDN4";Directed;2
"FRNS1";"PTDM1";Directed;1
"TPI1";"GNDV1";Directed;1
"PDB1";"PDCM1";Directed;1
"CRTO2";"PGON2";Directed;1
"DAM";"MTT2";Directed;1
"TBNJ2";"PINC2";Directed;1
"SRRS2";"BRRS";Directed;1
"ALMG2";"BAT2";Directed;1
"PND1";"MFP2";Directed;1
"CB2";"CV2";Directed;3
"BCM2";"CMS6";Directed;2
"RSR2";"JAZ";Directed;1
"MEIR";"SR4";Directed;5
"RSMT2";"TMTS2";Directed;1
"GJ1";"AGU1";Directed;2
"PQBT3";"MATC1";Directed;1
"SRP1";"BRVS";Directed;1
"DCAS1";"MPL2";Directed;2
"BRG1";"ABX1";Directed;1
"MN1";"MP1";Directed;1
"BAR2";"JQA2";Directed;1
"RBO1";"ABL1";Directed;1
"BVCM3";"BCM2";Directed;1
"CSX1";"VN1";Directed;1
"SPC";"RF2";Directed;2
"BMAF1";"SRC1";Directed;1
"RTP3";"EBSR1";Directed;1
"AEC2";"AGRO2";Directed;2
"ALFC1";"MATI";Directed;1
"FOR1";"FCR1";Directed;1
"TAN";"CVO";Directed;1
"ALF";"TCT2";Directed;1
"ISG1";"FRCL1";Directed;1
"VBR1";"MAIA4";Directed;2
"TMPR2";"RMST4";Directed;1
"ALXH3";"BTLH1";Directed;4
"TLHA2";"JMR";Directed;1
"CRJ2";"EDRG2";Directed;2
"CZG2";"GUD2";Directed;1
"MPL11";"MPL3";Directed;1
"GUIF2";"PSSM2";Directed;2
"BRSE1";"CNG1";Directed;1
"CTS1";"MLAM1";Directed;1
"LGET2";"CSSR2";Directed;2
"ST3";"IPO4";Directed;2
"URBP2";"PREL5";Directed;1
"FOCO3";"BSS2";Directed;4
"TF2";"PRNT";Directed;1
"PARR1";"BIC2";Directed;1
"FTCC6";"RLG4";Directed;1
"VGM6";"COD";Directed;1
"IPRN1";"ISEP3";Directed;2
"BJ1";"PSOC2";Directed;1
"ALFC2";"PQBT3";Directed;1
"PSOC1";"COMB1";Directed;3
"CCB";"STN1";Directed;1
"LVDR2";"CRG2";Directed;1
"CTS";"MLAM";Directed;1
"CMPT1";"INSA1";Directed;2
"PAME1";"PSEC1";Directed;2
"PEDR2";"JFPD2";Directed;1
"MPL11";"RALG";Directed;3
"CSA3";"MF1";Directed;1
"TAZ2";"FS1";Directed;1
"SL2";"IMAI1";Directed;2
"RPR";"MVTO2";Directed;1
"AUS";"MPL7";Directed;2
"GNDV2";"TPI2";Directed;1
"COB3";"COB6";Directed;1
"SCT3";"SCAL1";Directed;2
"C24A3";"PDR3";Directed;1
"HSJ3";"RCA";Directed;1
"GLV1";"FRN1";Directed;1
"CMR2";"STE2";Directed;1
"AZV1";"TVA1";Directed;1
"GDM12";"GU2";Directed;1
"MP1";"RDAG1";Directed;1
"MDLP";"MDL2";Directed;1
"JFB3";"PAS2";Directed;1
"SSB1";"SAM1";Directed;1
"SBVT";"CORD7";Directed;1
"CRJ2";"EDRG4";Directed;4
"CV2";"DAC2";Directed;4
"FRXI2";"JQA1";Directed;1
"HER2";"PRDR1";Directed;2
"CCRN1";"CEMT1";Directed;1
"ZIND4";"ESTR2";Directed;2
"ARDG4";"TARG2";Directed;1
"VDTM2";"TLN2";Directed;1
"COND1";"EALX";Directed;1
"LGAV3";"BRRS";Directed;2
"UVDE1";"VDES";Directed;1
"GUD1";"CZG1";Directed;1
"RGLE2";"GGC2";Directed;3
"GJ2";"MNH2";Directed;2
"MPAZ7";"EZC2";Directed;1
"RAZ";"BNJ1";Directed;2
"GUFE1";"FLO1";Directed;1
"PAST1";"PLM2";Directed;1
"MRS2";"BCM4";Directed;3
"RPM1";"ADA1";Directed;1
"C24A1";"NAVE1";Directed;2
"SMM4";"LARJ1";Directed;2
"AV2";"RSR2";Directed;2
"APRD1";"RFON1";Directed;1
"HSA1";"CORD2";Directed;1
"GA1";"DV2";Directed;1
"ALX2";"LRD2";Directed;2
"FRN2";"GLV2";Directed;1
"JM2";"PRG1";Directed;4
"DPA2";"RTE4";Directed;1
"ALUM1";"FTS1";Directed;1
"R10";"R7P1";Directed;1
"JMR";"FRXI6";Directed;1
"FEUP1";"ESED1";Directed;3
"MATM1";"SMAT4";Directed;1
"LNC2";"THB2";Directed;1
"IMTT2";"MPAZ7";Directed;1
"PNG2";"BRB4";Directed;1
"VFR1";"FAP1";Directed;2
"CPU2";"VNC2";Directed;1
"LION1";"CEMT2";Directed;1
"GCRT1";"PRR3";Directed;1
"CPR2";"MLAM2";Directed;1
"RGM";"AVLH3";Directed;1
"LDDM1";"PDVD4";Directed;1
"GSUL1";"BVLB1";Directed;2
"SMM3";"MOD2";Directed;2
"COD";"ALXH2";Directed;2
"BRRO2";"TLHA2";Directed;1
"RRDL2";"RZAM2";Directed;1
"VINH1";"ICPU1";Directed;1
"JGD1";"LVP";Directed;1
"CAVE2";"PLU4";Directed;2
"PLC1";"AMRQ3";Directed;1
"SOCR";"CVI5";Directed;1
"ASZ3";"ZOID1";Directed;1
"TFL1";"RFL1";Directed;1
"BRVS";"RSR1";Directed;2
"RGNG2";"ERMD2";Directed;1
"THB1";"LNC1";Directed;1
"COD4";"VGM6";Directed;1
"MOR2";"ESCN2";Directed;2
"VIS2";"VIS1";Directed;1
"RFON1";"HRC1";Directed;1
"RARR2";"VESS2";Directed;2
"FTSR1";"CFER1";Directed;1
"RZAM1";"RRDL1";Directed;1
"MCE4";"MVP4";Directed;1
"4CAM4";"FND1";Directed;1
"SRG2";"DCPF2";Directed;2
"RMT2";"LGDM2";Directed;3
"C24A2";"BFM2";Directed;3
"AUL2";"AVC2";Directed;1
"DAC1";"CV1";Directed;4
"STO2";"VARZ2";Directed;3
"PIC1";"ACB1";Directed;1
"TLHO1";"FLOS1";Directed;2
"QBV1";"GDR1";Directed;2
"MRI2";"APRD2";Directed;1
"CARR1";"SRHE3";Directed;1
"RBRI2";"MS1";Directed;2
"IMTT1";"VIS5";Directed;1
"CSSM2";"SM2";Directed;1
"ABL2";"RBO2";Directed;1
"OLVR1";"ADNV1";Directed;1
"ARRB3";"CCB1";Directed;1
"CDFT1";"BCH1";Directed;1
"FOCO2";"PINM5";Directed;1
"RLC2";"RGFT2";Directed;3
"DPA1";"MED1";Directed;1
"PLM1";"FLUN1";Directed;3
"COMB1";"PLIM1";Directed;3
"ALXH2";"ALFN3";Directed;1
"TCRZ1";"PTLH";Directed;1
"OLB1";"ASOT3";Directed;1
"JD4";"PNG4";Directed;1
"MPL2";"PSOC1";Directed;3
"AMRQ3";"ALT1";Directed;1
"NOF2";"JAS2";Directed;1
"R7P1";"CDR1";Directed;1
"QSTG2";"C62";Directed;1
"ERM2";"ERM4";Directed;3
"GAS3";"CRVH2";Directed;1
"VLRA3";"BRBQ1";Directed;1
"SR5";"FBC2";Directed;2
"CTV1";"BSEE1";Directed;1
"R7N1";"R15";Directed;1
"BNJ2";"LGT4";Directed;1
"PSSM2";"TPM2";Directed;2
"CSXN1";"PLG1";Directed;3
"JAS2";"ABMG2";Directed;1
"HMT2";"SER1";Directed;1
"IPO4";"HSJ6";Directed;1
"MCE3";"BIC3";Directed;1
"AP1";"STA1";Directed;1
"QRS1";"RMST3";Directed;1
"SP3";"MERL";Directed;2
"DC1";"IANT2";Directed;1
"SP2";"LOTA2";Directed;3
"GGC2";"FMGO3";Directed;1
"CNV1";"AZN1";Directed;1
"AGN";"VLGE1";Directed;2
"PML1";"AVLM1";Directed;1
"FLOS2";"TLHO2";Directed;2
"ALVC";"BRTC1";Directed;1
"RMOS2";"AS2";Directed;1
"DQL1";"ALXH3";Directed;2
"THB2";"LARJ2";Directed;1
"CSR1";"BRCP1";Directed;2
"SDMC3";"RGDI4";Directed;1
"PMQ2";"PP2";Directed;1
"TESC2";"CSAD2";Directed;1
"CZV4";"BCM1";Directed;2
"PCAR2";"MRDR2";Directed;1
"BPTL2";"INSA2";Directed;2
"VFM3";"ACN1";Directed;2
"CRT";"BFAL1";Directed;1
"PRQC2";"CERR2";Directed;1
"FMGO4";"GGC1";Directed;1
"RBR1";"ELVG1";Directed;4
"PNG1";"BCP1";Directed;1
"NOC";"ARRB1";Directed;2
"BLM";"BLAM3";Directed;2
"JN4";"BLRB2";Directed;1
"SRP4";"CIRC5";Directed;1
"HSM1";"MPL11";Directed;1
"BRV4";"BRP2";Directed;1
"PRR3";"LAPA1";Directed;1
"RMAR2";"NZ2";Directed;1
"BRCV";"MSTO1";Directed;1
"JMRR1";"GENT2";Directed;2
"CPSF2";"BRRG2";Directed;1
"CFM";"FNTL1";Directed;1
"BJ3";"CVLO";Directed;1
"CNG1";"MTB1";Directed;1
"BRCC1";"STJ1";Directed;2
"TEIB1";"BOIM1";Directed;1
"CRZ2";"JDEU4";Directed;1
"ETRP2";"CQ8";Directed;3
"CMP2";"PBSS2";Directed;1
"CRZ2";"PTCR2";Directed;2
"ESED2";"FEUP2";Directed;2
"HSJ10";"IPO4";Directed;2
"QCM2";"RNSG1";Directed;1
"QSEC1";"PREA1";Directed;2
"STA1";"FGTR1";Directed;1
"CUTM2";"PEDR2";Directed;1
"LOI";"MS2";Directed;1
"ALFK2";"PFOZ2";Directed;1
"APT3";"BBL";Directed;1
"HSJ11";"IPO2";Directed;1
"EMZ2";"SRD2";Directed;2
"CSSH3";"LND2";Directed;1
"RRDL1";"MDL1";Directed;1
"AEP1";"C61";Directed;1
"TVFC";"NATV";Directed;1
"MTB4";"SRPT2";Directed;3
"FGTR1";"PLG4";Directed;1
"AML2";"ST1";Directed;3
"JAZ1";"BRVS";Directed;1
"MED2";"DPA2";Directed;1
"PING3";"SRLZ1";Directed;1
"FIG";"CVA1";Directed;3
"SO4";"DJM2";Directed;2
"AST1";"CRG1";Directed;1
"ESPH1";"SCC1";Directed;1
"RAL4";"QTM2";Directed;2
"QSPL2";"ESPL2";Directed;2
"VRZL1";"RBD1";Directed;3
"FTM4";"LGO2";Directed;2
"LFC";"FMAI";Directed;1
"4CAM3";"TAZ2";Directed;1
"TTS1";"FRRS1";Directed;1
"BFM4";"C24A5";Directed;5
"DMAN1";"SOUT1";Directed;1
"VALE";"AMSE";Directed;1
"ELVG1";"GND2";Directed;1
"CRVH2";"FLU2";Directed;1
"ALM2";"PTDM2";Directed;1
"ALX1";"STC1";Directed;2
"HSJ2";"RCA";Directed;1
"QTL1";"BRSE1";Directed;1
"CSS2";"PBSS1";Directed;1
"CRMT2";"RGT2";Directed;1
"BLM";"BLAM2";Directed;1
"ST4";"IB2";Directed;2
"RTEL2";"SA4";Directed;1
"PG2";"FLUN2";Directed;3
"FTM2";"ABVT1";Directed;1
"QTM2";"STLZ3";Directed;1
"RCMB2";"ASRR2";Directed;1
"CCB1";"28J1";Directed;3
"TVAS1";"LVR4";Directed;1
"EFRD1";"CRM2";Directed;1
"RNOR2";"RBX2";Directed;2
"CVLO1";"IPRN1";Directed;1
"HSJ6";"ESED2";Directed;1
"28J1";"EC";Directed;3
"ABM1";"BRP1";Directed;1
"BRRM2";"CRM2";Directed;1
"PCTO2";"NVL2";Directed;2
"CSSH1";"VGM3";Directed;1
"PTM1";"RL1";Directed;2
"PRD2";"RPAC2";Directed;1
"SALM2";"MV2";Directed;1
"BBL";"LRD3";Directed;1
"CVD2";"FEL2";Directed;1
"AH";"28J2";Directed;3
"GUFS1";"PDAM3";Directed;1
"CCOR";"CORM2";Directed;4
"5OTB3";"LVR3";Directed;1
"VLR5";"PDV3";Directed;1
"EDP1";"FRX3";Directed;1
"VN1";"PCT3";Directed;1
"ACNT1";"JP1";Directed;1
"ICDF1";"CDF2";Directed;1
".";"MMAI3";Directed;1
"A25A1";"FVLH1";Directed;4
"ASP3";"ENX1";Directed;7
"SGM";"FRN2";Directed;4
"GRJ";"AGM2";Directed;1
"FLUN2";"PLM2";Directed;3
"PDZ1";"MATM1";Directed;1
"CQ9";"PCID3";Directed;1
"ERM4";"BVE1";Directed;3
"RGNG1";"SPAZ1";Directed;1
"AJA1";"TPI1";Directed;1
"PTCR2";"SBR2";Directed;2
"PRL8";"BTLH4";Directed;1
"ASOT1";"DAC1";Directed;3
"BV1";"C301";Directed;2
"FEP2";"FEUP1";Directed;3
"PRF1";"A25A1";Directed;4
"PRS1";"AGN";Directed;2
"FLO3";"GUFS1";Directed;1
"ICPU1";"25A1";Directed;1
"ERMI1";"ERM2";Directed;3
"ICDF1";"CDF1";Directed;2
"JQA1";"BAR1";Directed;1
"AALB";"SRVM3";Directed;1
"BRRM1";"CSR1";Directed;1
"PLG1";"FGTR2";Directed;1
"STNH2";"FNTE2";Directed;1
"HUMB1";"TNG1";Directed;3
"LNEV1";"RCRT1";Directed;1
"RTV2";"RFL2";Directed;1
"CSXS2";"MTB4";Directed;3
"CSAD2";"RCNH2";Directed;2
"BLM";"BLAM1";Directed;1
"PQC2";"TVLR2";Directed;1
"PIT1";"FARM1";Directed;1
"GND1";"ELVG2";Directed;1
"SDP1";"FZIN1";Directed;2
"MATM1";"SP2";Directed;3
"GEST";"BARC1";Directed;1
"ALX1";"COND1";Directed;1
"RGT2";"CUSF2";Directed;1
"EZC2";"PRO2";Directed;1
"BIC4";"MCE4";Directed;1
"ACO1";"AA1";Directed;3
"CMPT2";"PT2";Directed;2
"FLU4";"PGM1";Directed;2
"MSHP4";"CML2";Directed;2
"CSAD1";"TESC1";Directed;1
"AC4";"FCR2";Directed;1
"PCUA1";"AM1";Directed;4
"MTT2";"MOR3";Directed;1
"APRD1";"MRI1";Directed;1
"25AB1";"PAV1";Directed;3
"DBT2";"GSUL1";Directed;1
"CAB1";"SAN1";Directed;1
"RC1";"BRCC1";Directed;2
"CRPO2";"GIT2";Directed;4
"PGON2";"PING3";Directed;1
"MATC2";"CRV2";Directed;2
"BSEE2";"CTV2";Directed;1
"BRG2";"MSB2";Directed;1
"PCUA2";"CORI2";Directed;4
"PQC1";"DAH1";Directed;1
"DDA2";"OL2";Directed;1
"PCB2";"RAL2";Directed;1
"1PREL1";"RM3";Directed;1
"CGK1";"SBR1";Directed;2
"CONS1";"CVLO1";Directed;1
"REV2";"BFTM2";Directed;1
"RARR1";"RCNH1";Directed;2
"FMGO2";"SRG2";Directed;2
"LAPA2";"PRR5";Directed;2
"ADA3";"CSP2";Directed;2
"RSR2";"SRP2";Directed;1
"AGRO1";"AEC1";Directed;2
"BL1";"ESR1";Directed;1
"PCN1";"MAVO1";Directed;1
"PSSM1";"GUIF1";Directed;2
"RFAR1";"DTR";Directed;1
"BVC2";"LV1";Directed;1
"CNV2";"ZOID2";Directed;1
"PCTV2";"PCT4";Directed;1
"PIT2";"CN2";Directed;1
"JP1";"CPNH1";Directed;2
"MNH2";"PCTO2";Directed;2
"PRO1";"EZC1";Directed;1
"OUTE4";"SAL2";Directed;1
"VDN1";"FRR1";Directed;2
"DPV2";"SMAI2";Directed;2
"STLZ1";"BRA4";Directed;2
"ROSA1";"RTP1";Directed;1
"PRD1";"TRM1";Directed;3
"JPR2";"STG2";Directed;1
"AGOM1";"RMT1";Directed;4
"1STCT";"TPR";Directed;1
"CART2";"PLNT2";Directed;4
"MFZ2";"PRI4";Directed;2
"CAM3";"CI32";Directed;3
"SCR1";"TXP1";Directed;3
"SRGB3";"ILH2";Directed;5
"MIM1";"UVDE1";Directed;1
"BELA2";"BCH2";Directed;1
"VFM7";"CSP1";Directed;2
"ALMG1";"MTES1";Directed;1
"MRT1";"GAN1";Directed;2
"ALFG5";"INF1";Directed;1
"HPRL4";"CVI6";Directed;1
"CART";"JB1";Directed;1
"AZC2";"SRHH1";Directed;1
"FLOS1";"SMMM1";Directed;2
"VNC1";"CPU1";Directed;1
"BOIM2";"TEIB2";Directed;1
"PCRJ2";"CRJ2";Directed;1
"CHV2";"SCAL2";Directed;2
"SR3";"RCP1";Directed;1
"MATR2";"MGB2";Directed;1
"CRT2";"PREG";Directed;1
"MTB2";"CNG2";Directed;1
"CVA1";"HML1";Directed;2
"FSTO1";"FALC";Directed;5
"PNV2";"FTM1";Directed;1
"ROR2";"FRRS2";Directed;2
"CMGS1";"LMG1";Directed;1
"AVC1";"AUL1";Directed;1
"VIS5";"JPAZ2";Directed;1
"BFM2";"GDM1";Directed;2
"FRN1";"BRO1";Directed;4
"JDEU3";"CRZ1";Directed;1
"BRP1";"BRV3";Directed;1
"CSRT4";"IGRT2";Directed;1
"LDSM2";"PDVD4";Directed;2
"NSHP";"RAEP3";Directed;1
"HRC2";"RFON2";Directed;1
"JRC3";"BPTL2";Directed;1
"JR";"PRSM1";Directed;1
"GAS4";"SCL4";Directed;1
"AAL9";"SBNT2";Directed;1
"CHA1";"PAME1";Directed;2
"HMT1";"GOA1";Directed;1
"ALFC1";"ALVC";Directed;1
"GFR2";"PDV2";Directed;1
"RGFT2";"RIGR1";Directed;2
"ALFG3";"MRG2";Directed;1
"PCRQ2";"CAL2";Directed;1
"FRX2";"BNJ2";Directed;1
"BIC3";"PARR3";Directed;1
"MATM1";"SMAT1";Directed;1
"SJB2";"SJBC2";Directed;3
"LGCP1";"CCRN1";Directed;1
"VTC1";"AGRO1";Directed;2
"RFL2";"TFL2";Directed;1
"CHAO1";"MCST2";Directed;1
"AM2";"LVDR2";Directed;1
"ARRG1";"QULH1";Directed;1
"MTCR1";"GODS";Directed;1
"FRNS2";"VRD2";Directed;1
"MRS2";"CMS4";Directed;2
"FRRS2";"TTS2";Directed;2
"FACD";"MATR2";Directed;1
"COB3";"LV2";Directed;3
"PAUS1";"LIN1";Directed;1
"DJM2";"ANG";Directed;2
"SRHE3";"ISRH4";Directed;1
"HSJ4";"RCA";Directed;1
"VDV2";"SRRS1";Directed;2
"LDSM1";"HMGL2";Directed;2
"RTE3";"RTE2";Directed;1
"BRBQ4";"BRNS";Directed;1
"OL1";"DDA1";Directed;1
"MLAM1";"CPR1";Directed;1
"QTAD2";"CCA1";Directed;1
"VDES";"VDE";Directed;1
"GSHP2";"MAKR6";Directed;1
"SPAZ2";"RGNG2";Directed;1
"28J2";"CCB2";Directed;3
"FRX1";"ARNH1";Directed;1
"LOUR4";"PCNS";Directed;1
"SBNT2";"LPDZ";Directed;5
"MRR1";"MTCV";Directed;2
"BFTM2";"ANTG2";Directed;1
"CRMT1";"CSTM1";Directed;1
"FGTR2";"RGM";Directed;1
"CMO";"CORD2";Directed;1
"HSJ10";"HSJ1";Directed;2
"LRD1";"ALX1";Directed;2
"QTC2";"CONT2";Directed;1
"ARDG2";"RCTL2";Directed;1
"FTN2";"CAVE4";Directed;2
"CN1";"PIT1";Directed;1
"HML1";"BVBR2";Directed;2
"HSA3";"MATR1";Directed;2
"GTN1";"BLD1";Directed;1
"ISEP3";"ISEP1";Directed;1
"AGR2";"PMAI2";Directed;3
"JM1";"GGT3";Directed;2
"MFZ1";"LIEG1";Directed;2
"LNEV2";"NEVG";Directed;1
"AZ";"BLG2";Directed;2
"SM3";"HB1";Directed;1
"FTM5";"PNV3";Directed;1
"GODH6";"BRTC2";Directed;1
"BS4";"BCM2";Directed;1
"EPC1";"DBT1";Directed;1
"ZOID1";"CNV1";Directed;1
"HMLM3";"TIM1";Directed;4
"BRRG1";"CPSF1";Directed;1
"AA2";"ACO2";Directed;3
"DPV3";"CALE";Directed;1
"ISEP1";"IB3";Directed;2
"ARRV1";"PISA1";Directed;1
"AAL3";"GGF1";Directed;2
"SI2";"AUS";Directed;2
"PRR1";"LAPA1";Directed;1
"ARSM2";"ARS5";Directed;3
"FNTE1";"STNH1";Directed;1
"ESTR1";"ZIND3";Directed;2
"SRV1";"AALB";Directed;1
"CUTM1";"TEIB1";Directed;1
"EQ3";"RST3";Directed;1
"ROTA2";"ARS5";Directed;2
"PRA1";"JLS1";Directed;1
"ENX3";"JFPD1";Directed;1
"JAS1";"NOF1";Directed;1
"LGT4";"BCP2";Directed;1
"DL6";"FLU6";Directed;1
"PRQC1";"RCH1";Directed;1
"1CNTM2";"1STCT";Directed;1
"AL2";"TRD6";Directed;2
"GAZ1";"BRIB1";Directed;1
"TVBO2";"FRN2";Directed;1
"PRD3";"RGLE2";Directed;1
"SST2";"CTN2";Directed;1
"LGO5";"ABVT2";Directed;2
"EDRG2";"DCVT2";Directed;2
"SMAT3";"SP4";Directed;1
"PQBT4";"MATC2";Directed;2
"RCRT1";"LGO5";Directed;1
"ALCF1";"ALD1";Directed;1
"CLVR2";"PAV2";Directed;3
"RTE1";"RTE4";Directed;1
"AML4";"AML2";Directed;1
"IRM1";"CSR1";Directed;1
"MAL3";"NEV3";Directed;1
"25A1";"CGG";Directed;1
"GAS2";"FLU2";Directed;1
"FTSR1";"GCR1";Directed;2
"FS2";"TAZ1";Directed;1
"RTV1";"QCMN1";Directed;1
"ESCN2";"SI2";Directed;2
"CUS3";"CUSF1";Directed;1
"PQN1";"VLC1";Directed;2
"BARC2";"JFB3";Directed;1
"ESRT1";"RTES1";Directed;1
"MRDR1";"PCAR1";Directed;1
"NOC";"JM2";Directed;2
"TRD6";"PRFL";Directed;3
"CTSS1";"CBN1";Directed;1
"JD1";"AREI";Directed;1
"OLM";"MRR2";Directed;1
"MLH1";"HMLM3";Directed;2
"SA3";"RTEL1";Directed;1
"ALUM2";"JMA";Directed;1
"RAEP2";"RUL1";Directed;1
"ABMG2";"MTES2";Directed;1
"MPL4";"DCAS2";Directed;2
"RGDI4";"LIN2";Directed;1
"FSCA2";"FTV2";Directed;1
"MPL9";"RALG";Directed;2
"TVLR1";"VLRA4";Directed;1
"IGMI2";"TESC2";Directed;1
"TIM2";"HMLM2";Directed;2
"CVI5";"NAT2";Directed;1
"TPM1";"PSSM1";Directed;2
"HB2";"SM4";Directed;1
"ALXH1";"COD";Directed;1
"AVC2";"BJ3";Directed;1
"BRA5";"STLZ2";Directed;1
"MAV1";"ANT1";Directed;3
"AFEI2";"ARSM2";Directed;4
"CSSR2";"SRRS2";Directed;2
"HSJ10";"HSJ5";Directed;1
"BS1";"BCM2";Directed;4
"PISA2";"ARRV2";Directed;1
"BSS3";"FOCO2";Directed;1
"PDM1";"PMVA1";Directed;1
"SCND2";"MANH1";Directed;1
"NVT";"SRGB1";Directed;1
"PRDR1";"SLZ3";Directed;2
"MFP1";"PND3";Directed;1
"TAR6";"VL2";Directed;1
"PRDJ2";"SCAT1";Directed;3
"ASZ4";"SSD2";Directed;1
"DDN1";"5OUT1";Directed;2
"PING1";"PLUZ1";Directed;1
"BS1";"BVCT1";Directed;1
"PFMA1";"ALD1";Directed;1
"CVC2";"PCB2";Directed;1
"BLD2";"GTN2";Directed;2
"PVH1";"PML1";Directed;1
"FTS2";"ALUM2";Directed;1
"TVG4";"RLC2";Directed;1
"ABSS1";"SJBC1";Directed;3
"BRIB2";"GAZ2";Directed;1
"MAV2";"SCR1";Directed;3
"SHRM2";"SRHR";Directed;1
"SAL4";"VDAM";Directed;1
"PCRJ1";"FSNT1";Directed;1
"STLZ2";"ASP1";Directed;2
"PRDJ";"AL3";Directed;2
"CSE2";"MARG2";Directed;1
"PRMV2";"MPN2";Directed;1
"MAL2";"CQ5";Directed;1
"BCM1";"BS7";Directed;1
"PJGL1";"CARR1";Directed;1
"BS2";"PRG2";Directed;6
"ISS1";"CAB3";Directed;1
"SXO2";"RGD2";Directed;2
"CCB2";"ARRB2";Directed;3
"TLR";"TAN";Directed;1
"ISEP4";"ALVT2";Directed;1
"FZL1";"OL1";Directed;1
"TVG1";"RLC2";Directed;2
"BRTC5";"SAR2";Directed;1
"PDR";"C24A2";Directed;5
"SEND2";"STLZ4";Directed;2
"SSB2";"CVN2";Directed;3
"AVTE2";"TLHR3";Directed;1
"DDN2";"SGMC2";Directed;2
"VIS4";"VIS1";Directed;3
"ILH2";"CRT";Directed;6
"PMV1";"FTV1";Directed;1
"NDA1";"EDP1";Directed;2
"ESED1";"HSJ12";Directed;1
"PTH1";"CTIO1";Directed;2
"RCT1";"AR1";Directed;1
"FBC1";"SRGB1";Directed;2
"HSJ11";"IPO5";Directed;2
"GGT3";"CHAS1";Directed;2
"FTM5";"ABVT1";Directed;1
"HSA";"CORD7";Directed;7
"MLH3";"JNN2";Directed;3
"CNTT2";"HSM4";Directed;2
"FTMR3";"EMDN1";Directed;1
"MPL1";"CONS1";Directed;1
"PREA1";"ESGZ1";Directed;2
"BL4";"ESR1";Directed;2
"SA";"PFTT1";Directed;1
"DJOA4";"RFZ1";Directed;2
"ESR2";"BL2";Directed;3
"RGFT2";"MSHP4";Directed;1
"RTE3";"DPA1";Directed;1
"SARI1";"MTCT1";Directed;1
"SEND1";"CRTM1";Directed;2
"TMQ1";"VRM1";Directed;1
"LUCM2";"LAGE2";Directed;1
"STCZ2";"STO2";Directed;3
"AVTE1";"ISEP1";Directed;1
"RLC1";"SLOP";Directed;1
"CEMT2";"CCRN2";Directed;1
"CMGS2";"CVC2";Directed;1
"GUFS2";"FLO4";Directed;1
"LV1";"COB6";Directed;1
"LOTA1";"SP1";Directed;3
"ALFN3";"FNT2";Directed;1
"HGAI1";"CMG1";Directed;2
"PAL3";"PRG1";Directed;6
"PQN2";"RNH2";Directed;2
"HSPH2";"AZC2";Directed;2
"AGR4";"MTD2";Directed;1
"LGAJ1";"CAVE3";Directed;2
"PCTO1";"MNH1";Directed;2
"OLIV";"MRL";Directed;1
"SETB1";"SRP3";Directed;1
"MVTO2";"PMS2";Directed;1
"CONS3";"VFM7";Directed;2
"RGD2";"ECC2";Directed;2
"ASRR2";"FS2";Directed;1
"BTLH7";"SCAT2";Directed;1
"FNTE2";"5OTR2";Directed;1
"JFPD1";"PDB1";Directed;1
"TRM2";"PRD2";Directed;3
"EBSR2";"RTP2";Directed;2
"IGRT1";"LOUR3";Directed;1
"FEL2";"TARR2";Directed;1
"ANV1";"ZIND1";Directed;1
"FAP1";"RSUL1";Directed;2
"HIPD";"QTC1";Directed;1
"CREI2";"ALFK2";Directed;1
"LGCL1";"UFP1";Directed;1
"MLAM2";"CTS2";Directed;1
"RL2";"PTM2";Directed;2
"GSUL2";"RNOR2";Directed;2
"RLC1";"TVG2";Directed;2
"FR2";"SOCR";Directed;1
"ERMI2";"ERM3";Directed;3
"BCM5";"BS5";Directed;1
"CQ5";"PCID3";Directed;3
"EZC4";"LION1";Directed;1
"SCRP6";"ESR2";Directed;3
"IGAL2";"BARO2";Directed;1
"BRTC2";"PQBT4";Directed;1
"BCH1";"BELA1";Directed;1
"MOR3";"MRD";Directed;1
"SRLZ1";"PING1";Directed;2
"ADA4";"CI31";Directed;2
"ACV";"CV2";Directed;1
"BVLH1";"NAT1";Directed;3
"PLU2";"ELVG2";Directed;1
"VRM1";"ANTZ1";Directed;1
"PRMR1";"LV1";Directed;4
"VAL";"CPNH2";Directed;2
"LGO4";"RCRT2";Directed;1
"PDZ2";"GODH4";Directed;1
"AM2";"PCUA2";Directed;3
"SO1";"CCC3";Directed;1
"MSTO1";"RPM1";Directed;1
"TRH1";"CVA2";Directed;2
"GOA1";"PQBT2";Directed;1
"LCP1";"HMBC2";Directed;1
"CVN1";"SSB1";Directed;3
"HSJ9";"ASP3";Directed;2
"OLB2";"TCRZ2";Directed;1
"TOR4";"GUIF2";Directed;1
"PTD1";"RDA1";Directed;2
"SRD2";"EBSR2";Directed;2
"JAZ1";"SETB1";Directed;1
"CSXN2";"FGT2";Directed;3
"BS8";"PRG3";Directed;2
"DNAP3";"FNTL1";Directed;1
"ACRD1";"BSS1";Directed;3
"MAII1";"JZOO2";Directed;2
"ASP4";"HSJ11";Directed;2
"FRS";"DSQ";Directed;1
"FOCO1";"PINM1";Directed;3
"MIS3";"TLHR2";Directed;1
"COVN2";"FND2";Directed;1
"BRRS";"TCVC";Directed;4
"PLU4";"ELVG2";Directed;2
"QTM1";"RAL3";Directed;2
"MTES2";"ALMG2";Directed;1
"CONT2";"RAEP4";Directed;1
"GCRT";"FTNH1";Directed;2
"FZIN1";"RAEP1";Directed;2
"MARG1";"CSE1";Directed;1
"LVR2";"CBN2";Directed;1
"JMRR2";"QSPL2";Directed;2
"PCT4";"VN2";Directed;1
"CORD7";"AL2";Directed;2
"VGM2";"ISNT2";Directed;1
"CVI2";"QTAM2";Directed;3
"PCN2";"STCB2";Directed;1
"MOD2";"OG";Directed;2
"FGTR2";"STA2";Directed;1
"TPG1";"MSB1";Directed;1
"COVH4";"BH2";Directed;2
"QCH1";"SA3";Directed;1
"AM4";"PCUA2";Directed;1
"VDE";"UVDE2";Directed;1
"MAIN3";"ART7";Directed;1
"CDF2";"FACD";Directed;1
"FMAG";"FTC1";Directed;1
"ESAS1";"SSD1";Directed;1
"MJP1";"PRMR1";Directed;4
"RCD1";"PMEL1";Directed;1
"PMS1";"MVTO1";Directed;1
"RNOR1";"GSUL1";Directed;2
"ARCO2";"MTA2";Directed;1
"SER1";"SDMC3";Directed;1
"ESCL";"SR2";Directed;3
"FTM1";"BRV4";Directed;1
"DC2";"SVT1";Directed;1
"GFR1";"SMM6";Directed;1
"FTS1";"PIC1";Directed;1
"ANT1";"RC1";Directed;2
"CHAS2";"NOC";Directed;3
"ECC2";"VFRR2";Directed;2
"IPO4";"HSJ2";Directed;1
"HPRL3";"CTS1";Directed;1
"CSTM2";"CRMT2";Directed;1
"FCR2";"FOR2";Directed;1
"AVM1";"MTSP1";Directed;2
"PTCR1";"CRZ1";Directed;2
"CI32";"ADA2";Directed;1
"BRTC5";"MTSP1";Directed;1
"OLV2";"31JA2";Directed;1
"MERL";"VML";Directed;2
"CORD7";"LOI";Directed;1
"PARR4";"BIC4";Directed;1
"MDL2";"RRDL2";Directed;1
"HMLM2";"MLH2";Directed;2
"IGRL2";"NP2";Directed;1
"AGM2";"BVCM3";Directed;5
"BIC2";"MCE2";Directed;1
"LND2";"QCM4";Directed;1
"CARR2";"PJGL2";Directed;1
"GNOR1";"REAR1";Directed;2
"CRT1";"BMAF1";Directed;1
"TCVC";"ALPR1";Directed;4
"ABSS2";"RBSS2";Directed;3
"C61";"QSTG1";Directed;1
"PTDM2";"FRNS2";Directed;1
"FRXI7";"ROR2";Directed;1
"PCC2";"BFM4";Directed;1
"RSR1";"AV1";Directed;2
"DMAN2";"QNV2";Directed;1
"ACRD1";"BSS3";Directed;1
"PMEL1";"NTRT1";Directed;1
"RAL2";"SCND2";Directed;1
"BEL2";"CSE2";Directed;1
"DCS4";"CSRT4";Directed;1
"BGJ1";"CCL";Directed;1
"LVP";"JGD2";Directed;1
"RSR4";"SRP4";Directed;1
"LPDZ";"BTLH5";Directed;2
"CIRC5";"JAZ2";Directed;1
"SAN3";"JSP2";Directed;1
"PRDR2";"HER1";Directed;2
"ABVT2";"FTM4";Directed;1
"ALFG1";"MVP1";Directed;3
"HMGL2";"LDD6";Directed;2
"FRCL1";"FRC";Directed;1
"QBV2";"RMT2";Directed;3
"RSMT1";"MAKR5";Directed;1
"CSBV";"SDP1";Directed;5
"VALC2";"CLVR2";Directed;3
"CFER2";"FTSR4";Directed;1
"EXP5";"REXP1";Directed;1
"BVLB2";"GSUL2";Directed;2
"LGT1";"AZV2";Directed;1
"SCAL1";"CHV1";Directed;3
"BVLB1";"GNOR1";Directed;2
"CHAO2";"FMGC2";Directed;1
"SO1";"CCC1";Directed;1
"SAR2";"PCID2";Directed;3
"PDV3";"MOIN3";Directed;1
"PASS2";"CNT4";Directed;1
"PRDJ";"AAL";Directed;1
"RBHR2";"RFER2";Directed;1
"BCM3";"CMS6";Directed;2
"UFP1";"IPRN1";Directed;1
"MLH5";"NEVG1";Directed;1
"RPPC2";"RBHR2";Directed;1
"GGF1";"CMO3";Directed;1
"MLH2";"CRTO2";Directed;1
"NTRT2";"PMEL2";Directed;1
"RGLE1";"PRD1";Directed;3
"NP1";"IGRL1";Directed;1
"VLR6";"SM2";Directed;1
"1URBP3";"1PREL1";Directed;1
"PGM2";"FLU1";Directed;2
"BFAL2";"FALC";Directed;1
"MMAI3";"PDM4";Directed;1
"IANT2";"MAV2";Directed;1
"BARO1";"IGAL1";Directed;1
"ERM3";"CRZ2";Directed;3
"BSS2";"ACRD2";Directed;4
"PPR1";"SRPT1";Directed;3
"5OTR1";"PINH1";Directed;1
"TVA1";"PNG3";Directed;1
"LION1";"EZC3";Directed;1
"HSA5";"PAL2";Directed;2
"PINM6";"FOCO3";Directed;1
"ACD1";"BRTC5";Directed;2
"PT3";"TRR3";Directed;3
"CRJ1";"FSTO1";Directed;5
"NAT2";"BVLH3";Directed;3
"MMAI1";"ARS7";Directed;1
"CTV2";"QTL2";Directed;1
"MRD";"C24A3";Directed;1
"BCNT";"CNTM";Directed;1
"GENT2";"TRBG1";Directed;2
"RF1";"SPC1";Directed;1
"DAH2";"PQC2";Directed;1
"GRC1";"CVI4";Directed;4
"BL2";"NAVE2";Directed;3
"PDVD3";"LDSM1";Directed;2
"VL2";"CMR2";Directed;1
"PRG3";"JM1";Directed;2
"NOF1";"31JA1";Directed;1
"MCST1";"CHAO2";Directed;1
"PCID1";"SAR1";Directed;3
"ACST2";"AVC1";Directed;1
"PRCD3";"NEV2";Directed;1
"CPNH1";"E109";Directed;2
"TFV3";"CUSF3";Directed;1
"PAME2";"CHA2";Directed;2
"PCRR2";"LMB2";Directed;1
"HMBC2";"SOLP2";Directed;1
"CHAS1";"NOC";Directed;2
"MFP2";"PDAM2";Directed;1
"PVH2";"JDEU3";Directed;1
"MPL7";"FG1";Directed;3
"TLHR2";"CAM3";Directed;2
"TARR2";"HSJ10";Directed;1
"SBNT3";"PRL1";Directed;1
"SBO1";"MAIA";Directed;2
"GIT1";"CRPO1";Directed;4
"PDEH1";"TCRZ1";Directed;1
"SCAT1";"PDR";Directed;3
"PLNT2";"JM2";Directed;5
"CNT2";"IFOZ1";Directed;1
"VIS";"PSP1";Directed;1
"FRR1";"CRR1";Directed;2
"MTP2";"AGAS2";Directed;2
"IGMI1";"ARRG1";Directed;1
"PGM2";"FLU3";Directed;1
"ACBL1";"ISG1";Directed;1
"FAP2";"VFR2";Directed;2
"CHOL2";"CRJ2";Directed;5
"ESTV2";"STE5";Directed;2
"LARJ1";"THB1";Directed;1
"GODC1";"BVG1";Directed;1
"LGO2";"PRCD1";Directed;1
"DCVT2";"AANT4";Directed;2
"HSA1";"RST4";Directed;1
"SRSD1";"AAX1";Directed;1
"BRB3";"PNG1";Directed;1
"DISP1";"DVE2";Directed;1
"GAN1";"CML1";Directed;2
"CRM2";"IRM2";Directed;2
"TRBG1";"DISP1";Directed;1
"PCL1";"UC1";Directed;3
"PLG4";"CSX1";Directed;1
"JA1";"ARRB3";Directed;1
"TLHO2";"AML4";Directed;2
"PLIM2";"COMB2";Directed;3
"ARRB1";"CCB1";Directed;2
"PJUV1";"PT3";Directed;2
"PLE";"FZL2";Directed;1
"MLH5";"FCH1";Directed;2
"CDF1";"PRR7";Directed;2
"ANT1";"FMAG";Directed;1
"CVI3";"CTS";Directed;1
"PCRR1";"LMBG1";Directed;1
"SR1";"TPT1";Directed;2
"EXP5";"PTLS3";Directed;1
"MATR";"MGB2";Directed;1
"BCM3";"GRC1";Directed;5
"FALC";"CRT2";Directed;6
"JRC1";"PFOZ1";Directed;1
"RLG3";"FTCC5";Directed;1
"EMZ1";"HSS1";Directed;2
"PMAI2";"RGLO2";Directed;3
"DP5";"PREP2";Directed;2
"TESC1";"IGMI1";Directed;1
"SCND1";"RAL1";Directed;1
"BOVT1";"VLR1";Directed;1
"BARR2";"ADNV2";Directed;1
"JPAZ1";"VIS3";Directed;1
"IPO5";"ST4";Directed;2
"VASG1";"ERMI2";Directed;1
"PTDM1";"ALM1";Directed;1
"CUSF1";"RGT1";Directed;1
"ALFG1";"MVP3";Directed;1
"TRR4";"PT2";Directed;4
"FLU1";"STC2";Directed;2
"CPTO";"PSG";Directed;1
"NZ1";"RMAR1";Directed;1
"GC11";"SRV1";Directed;1
"FOR2";"MAIA";Directed;1
"CHC1";"GU1";Directed;1
"MGDE1";"STL1";Directed;2
"JFPD2";"MMAI1";Directed;2
"BTC2";"FRA2";Directed;1
"REXP1";"AMR1";Directed;1
"PRU1";"AEPT1";Directed;2
"AGAS1";"MTP1";Directed;2
"9AG1";"COVN2";Directed;1
"CV1";"CB1";Directed;3
"LGO2";"PRCD3";Directed;1
"JSP2";"CAB4";Directed;1
"MTCV";"CTP";Directed;3
"ERM4";"ERMI2";Directed;2
"LDD1";"PRO1";Directed;1
"ASRR4";"EDM2";Directed;2
"CMPO";"PSEC2";Directed;2
"RSUL1";"RBX1";Directed;2
"ARSM2";"ARS3";Directed;3
"PRO2";"LDD2";Directed;1
"BRBQ1";"ACAR";Directed;1
"CSRT3";"DCS3";Directed;1
"STLZ4";"QTM1";Directed;1
"JLS1";"VLG5";Directed;1
"MCE2";"MVP2";Directed;3
"STG2";"FARM2";Directed;1
"1SGZ2";"1CDR2";Directed;1
"GIT2";"TRI2";Directed;4
"COB6";"RGR1";Directed;2
"SRVM3";"JBR1";Directed;1
"SP";"RA2";Directed;2
"VLN1";"ALCF1";Directed;1
"MOIN3";"MAIN3";Directed;1
"LARJ1";"ESAS1";Directed;1
"STE5";"STCZ2";Directed;2
"IMAI1";"MAIA3";Directed;1
"VIVA1";"GUD1";Directed;1
"CMG1";"GENT3";Directed;2
"MMAI2";"VIVA1";Directed;1
"VNFZ1";"PSG1";Directed;1
"RTNM";"25AB2";Directed;3
"QULH1";"ARRV1";Directed;1
"VIS1";"IMTT2";Directed;2
"MV2";"HSS2";Directed;2
"PCVL1";"SOLP1";Directed;1
"CUS1";"CAL1";Directed;1
"TIM2";"PCV2";Directed;2
"CTN1";"SST1";Directed;1
"ALDN1";"CRTD";Directed;1
"MPAZ6";"MPAZ2";Directed;1
"MCU3";"MANH2";Directed;1
"GSHP2";"MAKR4";Directed;1
"ENX1";"ARS4";Directed;3
"PDVD5";"LDSM1";Directed;1
"AEP1";"QTC2";Directed;1
"VFR2";"PLG2";Directed;2
"CRTM2";"SEND2";Directed;2
"UC1";"MFZ1";Directed;3
"RTEL1";"VASG1";Directed;1
"RAEP4";"RBSS2";Directed;2
"BRRS2";"CF2";Directed;3
"AAL9";"SBNT";Directed;1
"BFM2";"PCC1";Directed;1
"ICAM2";"MCAM2";Directed;1
"PINH1";"SONH1";Directed;1
"CNT3";"PASS";Directed;1
"CNG2";"BRSE2";Directed;1
"SMAT2";"MATM3";Directed;1
"NAT1";"CVI3";Directed;1
"COMB2";"PSOC2";Directed;3
"FRC";"FRCL2";Directed;1
"MVP4";"ALFG5";Directed;1
"PSEC2";"PAME2";Directed;2
"MCBL1";"TRD3";Directed;1
"CSXS1";"FGT1";Directed;3
"PRS4";"PDR2";Directed;1
"CMO";"CORD4";Directed;1
"LND1";"CSSH1";Directed;1
"OLVR2";"VSV2";Directed;1
"PG1";"PT3";Directed;3
"ACB2";"PIC2";Directed;1
"FBC2";"VLC2";Directed;2
"SCR4";"MAV1";Directed;3
"RFL1";"RTV1";Directed;1
"PINM1";"GC1";Directed;2
"PNHL2";"PRMV2";Directed;1
"SMAI2";"MCE2";Directed;2
"RGFT1";"RLC1";Directed;3
"PTD2";"GDR2";Directed;2
"BRA1";"STLZ2";Directed;1
"QCH2";"FMGC1";Directed;1
