Source;Target;Weight;Type
CDF;FACD;1;Directed
CFM;FNTL;1;Directed
STE;CMR;2;Directed
SVT;LW;4;Directed
SNG;SAN;1;Directed
PRNT;PMQ;3;Directed
ARSF;ARSM;2;Directed
JPAZ;RM;1;Directed
MCE;BIC;2;Directed
MAV;SCR;3;Directed
IPO;CSJ;1;Directed
ADNV;OLVR;1;Directed
LIEG;CRTO;3;Directed
PRDJ;TRD;3;Directed
ALNV;MDLI;1;Directed
SRG;DCPF;2;Directed
ERM;ERMI;3;Directed
BFAL;MCAM;1;Directed
AGN;VLGE;2;Directed
PP;ASZ;2;Directed
ILH;CRT;7;Directed
LGM;AH;4;Directed
ARS;AA;4;Directed
JN;PRR;1;Directed
AFEI;ARSM;5;Directed
GGC;FMGO;3;Directed
JP;ACNT;1;Directed
QTAD;PIN;1;Directed
ICDF;TRH;1;Directed
SO;LGET;4;Directed
MDLP;MDL;1;Directed
LV;PRMR;5;Directed
AML;TLHO;4;Directed
MDL;RRDL;1;Directed
GCRT;PRR;5;Directed
VNFZ;RCP;1;Directed
PCV;FCH;2;Directed
PLNT;JM;5;Directed
CLVR;PAV;4;Directed
STE;ESTV;3;Directed
PG;FLUN;3;Directed
LGT;RAZ;2;Directed
ABMG;JAS;1;Directed
MANH;SCND;1;Directed
LRD;MTRA;1;Directed
TRI;AFEI;5;Directed
CMP;PBSS;4;Directed
LGEQ;TFL;6;Directed
CPSF;BRRG;1;Directed
BRCP;CSR;3;Directed
JSP;CAB;1;Directed
RAL;QTM;2;Directed
CONT;RAEP;1;Directed
EMZ;SRD;3;Directed
STNH;FNTE;1;Directed
URBP;PREL;1;Directed
IGMI;TESC;1;Directed
GFR;SMM;1;Directed
MAIA;FOR;1;Directed
PRA;EMDN;1;Directed
FLO;GUFE;1;Directed
CPTO;PREG;1;Directed
FLO;GUFS;2;Directed
CQ1;TIM;2;Directed
RARR;RCNH;2;Directed
ERMI;MSHP;1;Directed
PINM;GC1;1;Directed
ASP;ENX;8;Directed
FVLH;CSC;5;Directed
RTV;RFL;1;Directed
TFV;CUSF;1;Directed
MTLB;LION;1;Directed
OTH;STBX;4;Directed
CI3;ADA;5;Directed
HSJ;RCA;3;Directed
LOUR;PCNS;1;Directed
BTLH;BGND;1;Directed
ESCN;SI;2;Directed
ICPU;25A;2;Directed
DDA;OL;1;Directed
ACH;RZAM;1;Directed
TPI;AJA;1;Directed
SMM;SMMM;4;Directed
ADA;CI3;5;Directed
SMMM;SMM;4;Directed
25AB;PAV;4;Directed
RGLO;TRM;3;Directed
FTNH;DCAS;3;Directed
ERMI;RIGR;3;Directed
ELVG;RBR;5;Directed
ARSM;ARSF;2;Directed
MAV;SCRP;4;Directed
DDA;NP;1;Directed
CEMT;CCRN;1;Directed
BRB;PNG;1;Directed
PRR;TRD;6;Directed
STBX;SCT;4;Directed
DJM;ANG;2;Directed
RCH;PRQC;1;Directed
PLIM;SVT;4;Directed
MSHP;CML;3;Directed
TRD;GRC;1;Directed
TESC;IGMI;1;Directed
PCID;SAR;3;Directed
VDAM;SAL;1;Directed
VSV;OLVR;1;Directed
RIGR;RGFT;2;Directed
NZ;ALNV;1;Directed
CORD;CMO;3;Directed
BAR;ALVS;1;Directed
BEL;BOVT;1;Directed
ST;IPO;6;Directed
HSJ1;HSJ;5;Directed
VTC;FTN;2;Directed
TVBO;FRN;1;Directed
28J;EC;4;Directed
ALX;STC;2;Directed
CSR;BRCP;3;Directed
NAVE;C24A;4;Directed
BVC;LV;4;Directed
CART;JB;5;Directed
ESPL;QSPL;3;Directed
LNEV;NEVG;1;Directed
TRR;PT;3;Directed
LGAV;BRRS;4;Directed
BFM;C24A;6;Directed
ARRG;QULH;1;Directed
BRV;FTM;2;Directed
SSD;ESAS;1;Directed
PREG;CPTO;1;Directed
ART;MAIN;1;Directed
VSG;TVAS;1;Directed
QTC;CONT;1;Directed
JA;ARRB;2;Directed
LDDM;REV;1;Directed
HIP;PAS;1;Directed
VL;TAR;2;Directed
PLM;FLUN;3;Directed
SRSD;AAX;3;Directed
MOR;RFZ;1;Directed
TRH;CVA;2;Directed
CHC;PMVA;1;Directed
CCRN;LGCP;1;Directed
TCRZ;PDEH;1;Directed
MRS;BCM;3;Directed
LGCL;UFP;1;Directed
CALE;BS;1;Directed
AHRQ;RFND;1;Directed
DPA;RTE;1;Directed
CRMT;RGT;1;Directed
PINT;AQR;1;Directed
LGCP;CCRN;1;Directed
JFB;PAS;1;Directed
ALM;GND;1;Directed
REAR;GNOR;2;Directed
HSA;CORD;13;Directed
VNC;MTB;2;Directed
ISEP;ALVT;1;Directed
RAZ;BNJ;2;Directed
FLU;DL;2;Directed
QCH;SA;1;Directed
PAL;PRG;10;Directed
SMM;MOD;2;Directed
RPM;ADA;1;Directed
MTA;ARCO;1;Directed
IMTT;MPAZ;2;Directed
MATI;ALFC;1;Directed
CFER;FTSR;2;Directed
PRSM;HSM;2;Directed
ACST;AVC;1;Directed
BTC;FRA;1;Directed
DJM;SO;2;Directed
PNG;BRB;1;Directed
RFON;APRD;2;Directed
CERR;RPR;1;Directed
FTN;CAVE;2;Directed
MPAZ;IMTT;2;Directed
STE;STCZ;5;Directed
SCRP;MAV;4;Directed
FMAG;FTC;1;Directed
ACNT;CRST;1;Directed
RDA;PTD;2;Directed
OG;DRB;1;Directed
RTEL;SA;1;Directed
BRP;ABM;1;Directed
CREI;LGO;1;Directed
HSJ;HSJ1;1;Directed
SA;QCH;1;Directed
BJ;PSOC;1;Directed
IRM;CSR;1;Directed
TELH;INFH;3;Directed
ACRD;AGM;4;Directed
SPTO;AVF;1;Directed
SLZ;DT;2;Directed
BCP;PNG;1;Directed
PDM;RAL;2;Directed
PRI;PVC;2;Directed
RALG;DAM;1;Directed
SRP;CIRC;1;Directed
COVN;FND;1;Directed
MTCR;BVG;2;Directed
MATR;TRH;2;Directed
LGO;CREI;1;Directed
IRM;CRM;2;Directed
MAIA;SBO;2;Directed
ALFN;ALXH;2;Directed
MVTO;PMS;1;Directed
BRB;SR;1;Directed
FZL;OL;1;Directed
RPPC;GATS;1;Directed
PLU;CAVE;4;Directed
TMTS;RSMT;1;Directed
ARSR;ARS;4;Directed
TFL;MJP;5;Directed
RGSM;STJ;3;Directed
SCR;MAV;3;Directed
ARR;FMPT;1;Directed
CMS;CBN;1;Directed
DCS;CSRT;1;Directed
CORD;PRL;3;Directed
THB;LARJ;1;Directed
VLGE;AF;2;Directed
FGTR;STA;1;Directed
BRRM;CRM;2;Directed
PND;MFP;1;Directed
MF;VLN;1;Directed
BRBQ;BRNS;1;Directed
BRC;ACDR;1;Directed
LMBG;PCRR;1;Directed
GTN;STCB;1;Directed
TMQ;OUTE;1;Directed
PING;PORI;2;Directed
CRV;DNAP;3;Directed
DIU;MFZ;2;Directed
RGT;CUSF;1;Directed
ANG;JD;2;Directed
BRRO;PRU;2;Directed
AKI;HRC;2;Directed
MPL;CONS;1;Directed
25A;ICPU;2;Directed
BL;ESR;4;Directed
CSRT;IGRT;1;Directed
LMB;PCRR;1;Directed
CVA;CMIC;3;Directed
FTCC;TPM;1;Directed
LARJ;THB;1;Directed
OUTE;MLAR;2;Directed
FLU;CRVH;1;Directed
GODH;PDZ;2;Directed
ACO;STJ;4;Directed
5OTR;FNTE;1;Directed
BV;C30;3;Directed
CZV;QTAM;4;Directed
1URBP;1PREL;1;Directed
CPOV;ABX;2;Directed
SBNT;AAL;2;Directed
LCP;HMBC;1;Directed
PTH;CTIO;2;Directed
BRV;BRP;1;Directed
HML;ICDF;2;Directed
RGDI;SDMC;1;Directed
GENT;CMG;1;Directed
ARS;VRZL;4;Directed
SBNT;MS;6;Directed
ISEP;IB;2;Directed
AAL;CMS;1;Directed
BRRM;CSR;2;Directed
MS;RBRI;3;Directed
PT;PJUV;2;Directed
FR;SOCR;1;Directed
SCL;PARR;2;Directed
SBO;MAIA;2;Directed
LGAV;HGAI;1;Directed
SBO;MAIE;1;Directed
CSE;BEL;1;Directed
RCD;PMEL;1;Directed
SMMM;FLOS;4;Directed
BCP;LGT;1;Directed
PDR;PRS;3;Directed
STJ;BRRS;4;Directed
PTDM;FRNS;1;Directed
RFER;RBHR;1;Directed
AAL;TRD;10;Directed
MEIR;SR;8;Directed
TVFC;NATV;1;Directed
BCM;AGM;5;Directed
CNT;IFOZ;1;Directed
DL;FLU;2;Directed
AML;CPU;2;Directed
ESP;TLN;1;Directed
CDPD;SO;1;Directed
MARG;CSE;1;Directed
ARS;ENX;11;Directed
1RAQ;1FARS;1;Directed
AZC;RAEP;2;Directed
RCH;ACH;1;Directed
CCC;ROSA;1;Directed
CMO;CORD;2;Directed
TLHA;JMR;1;Directed
RBHR;RFER;1;Directed
RNOR;RBX;2;Directed
CTN;LEV;1;Directed
PRL;SBNT;1;Directed
PNV;FTM;2;Directed
PCT;PCTV;1;Directed
SRRS;CSSR;4;Directed
TLR;TAN;1;Directed
NOC;JM;3;Directed
ASZ;SSD;1;Directed
EFRD;CRM;1;Directed
RBX;RNOR;2;Directed
CORM;BRO;5;Directed
SAN;CAB;1;Directed
ARSM;AFEI;5;Directed
PIV;TNG;3;Directed
SR;RCP;1;Directed
DMAN;SOUT;1;Directed
AL;GGF;2;Directed
AEP;EXP;2;Directed
OUTE;SAL;2;Directed
VIS;PSP;3;Directed
SPAZ;RGNG;1;Directed
CMIC;CZV;3;Directed
MATM;SP;3;Directed
FRN;BRO;5;Directed
28J;CCB;4;Directed
BNJ;LGT;1;Directed
PJUV;PT;2;Directed
EBSR;RTP;3;Directed
URBS;CSSO;1;Directed
MTT;MOR;1;Directed
CDL;LGM;6;Directed
HER;PRDR;2;Directed
IPRN;CPRN;1;Directed
AALB;SRVM;1;Directed
FG;CONS;1;Directed
CABN;FNZ;1;Directed
MAIN;ART;1;Directed
LIN;PAUS;1;Directed
SLOP;TVG;1;Directed
IMAI;LAGE;1;Directed
TOR;GUIF;1;Directed
R7P;CDR;1;Directed
BVG;25A;2;Directed
INFS;OTH;4;Directed
VLC;PQN;3;Directed
JRC;SRVM;1;Directed
PLUZ;PGON;2;Directed
TVAS;LVR;1;Directed
RST;EQ;1;Directed
LPDZ;BTLH;6;Directed
NVL;PDI;2;Directed
FACD;MATR;1;Directed
ESPH;SCC;1;Directed
FEP;MLAR;2;Directed
DT;PRDR;2;Directed
FMGC;QCH;1;Directed
SRVM;SRV;1;Directed
PSEC;CMPO;2;Directed
BRCC;RCON;3;Directed
JA;CHAS;4;Directed
RGLO;PMAI;3;Directed
MMAI;ARS;2;Directed
TRD;GCRT;4;Directed
BRVS;RSR;3;Directed
AVLH;RDS;1;Directed
BRRO;TLHA;1;Directed
BRIB;GAZ;1;Directed
BFM;PCC;1;Directed
AMSE;LEIR;1;Directed
RSUL;FAP;2;Directed
VAL;CPNH;2;Directed
DMAN;QNV;1;Directed
MTP;EDM;3;Directed
SRC;NVT;1;Directed
QBV;RMT;4;Directed
RBD;RNH;3;Directed
CVC;CMGS;1;Directed
MRS;BVCM;1;Directed
ARJ;REAR;2;Directed
ASRR;EDM;3;Directed
CMPT;PFOZ;1;Directed
PLE;FZL;1;Directed
HSA;RST;1;Directed
ROR;JMR;1;Directed
GDM;PRF;5;Directed
PML;AVLM;1;Directed
ATSR;BRR;3;Directed
MRL;PRR;1;Directed
MFOT;VLR;1;Directed
PCTO;NVL;2;Directed
CSS;HER;2;Directed
ABX;CPOV;1;Directed
TPEN;SEMR;1;Directed
DP;PREP;2;Directed
SCND;RAL;1;Directed
LMG;CMGS;1;Directed
LEIR;TPEN;1;Directed
NEVG;MLH;1;Directed
CSR;BRRM;2;Directed
BRA;CPSF;1;Directed
PASS;CNT;1;Directed
BRRO;ZIND;2;Directed
LGM;LGEQ;6;Directed
LBM;ACDR;1;Directed
GRC;CSBV;7;Directed
ASOT;OLB;1;Directed
FRXI;OLV;1;Directed
PRO;EZC;2;Directed
PCRR;LMB;1;Directed
LDSM;CSA;1;Directed
LDDM;PDVD;1;Directed
ICDF;CDF;4;Directed
CRTM;ESTR;2;Directed
PTCR;CRZ;2;Directed
AANT;DCVT;2;Directed
JMRR;QSPL;3;Directed
BOIM;TEIB;1;Directed
BRA;MIS;1;Directed
PRF;EIR;5;Directed
MFZ;LIEG;2;Directed
GCR;VCHS;2;Directed
SSB;SAM;1;Directed
CMS;TRD;1;Directed
ACV;CV;1;Directed
CSSR;LGET;4;Directed
MV;HSS;3;Directed
SM;SMM;4;Directed
RNH;RBD;3;Directed
SXO;AGAS;3;Directed
ARDG;PHIP;2;Directed
CZV;BCM;3;Directed
PRDJ;SCAT;5;Directed
SRV;GC1;1;Directed
BSEE;CTV;1;Directed
OTH;INFS;4;Directed
HUMB;TNG;3;Directed
BGND;BTLH;1;Directed
QTM;STLZ;1;Directed
SAM;ESRT;1;Directed
VARZ;CB;5;Directed
GGF;CMO;13;Directed
PRUE;DACM;1;Directed
PCID;ETRP;4;Directed
LVDR;CRG;1;Directed
MPL;RALG;2;Directed
SRV;AALB;1;Directed
MAIA;MAIA;1;Directed
BSB;BCG;3;Directed
ALDN;CRTD;1;Directed
DJOA;RFZ;2;Directed
DCPF;5OUT;2;Directed
AML;ST;4;Directed
MOIN;PDV;1;Directed
STJ;RGSM;3;Directed
COVN;9AG;1;Directed
LGCP;TMPR;1;Directed
R5;CZG;1;Directed
AGU;ISS;2;Directed
LGET;SO;4;Directed
PRG;PAL;10;Directed
ACNT;JP;1;Directed
AUS;MPL;2;Directed
PREG;ESCL;1;Directed
FCR;AC;1;Directed
CHC;GU;1;Directed
PISA;ARRV;1;Directed
CFM;GCZ;1;Directed
PINH;5OTR;1;Directed
ACB;PIC;1;Directed
CHAO;FMGC;1;Directed
QTL;AV;3;Directed
ENV;CTN;2;Directed
MAL;NEV;1;Directed
CRZ;ERM;3;Directed
STLZ;ASP;2;Directed
UC;PUNV;1;Directed
JBR;PVC;2;Directed
BCH;CDFT;1;Directed
LAPA;PRR;4;Directed
SI;AUS;2;Directed
EPC;DBT;1;Directed
A25A;FVLH;5;Directed
TVLR;PQC;1;Directed
DRB;ISCP;1;Directed
BCH;BELA;1;Directed
OLM;MRR;1;Directed
PRDJ;HSA;1;Directed
FCAS;LBM;1;Directed
RGSM;ROTA;3;Directed
GU;GDM1;1;Directed
THB;LNC;1;Directed
DACM;FRA;1;Directed
ESR;BL;4;Directed
JZOO;MAIZ;2;Directed
TCT;ALFN;1;Directed
BEL;CSE;1;Directed
FRCL;ISG;1;Directed
31JA;NOF;1;Directed
RAL;SCND;1;Directed
LDD;QTI;1;Directed
SDP;RBSS;1;Directed
SMM;SM;4;Directed
ANT;FMAG;1;Directed
SRP;RSR;1;Directed
CRMT;CSTM;1;Directed
ACO;AA;4;Directed
RTE;RTE;2;Directed
PDI;RDA;2;Directed
MED;DPA;1;Directed
PRSM;GCRT;2;Directed
PCRQ;AJA;1;Directed
BIC;MCE;2;Directed
RBO;ABL;1;Directed
ALFG;MVP;4;Directed
JB;CART;5;Directed
SRP;BRVS;2;Directed
PRU;BTC;1;Directed
CRVL;RTP;2;Directed
RMST;QRS;1;Directed
SRG;FMGO;2;Directed
ALFG;INF;1;Directed
MPAZ;EZC;1;Directed
CONS;FG;1;Directed
MVP;ALFG;4;Directed
MTCV;CTP;3;Directed
SRP;RUL;2;Directed
CVLO;BJ;2;Directed
ACDR;LBM;1;Directed
TVBO;TVFO;1;Directed
SL;LVR;3;Directed
SDP;IMAI;1;Directed
AVTE;TLHR;1;Directed
MCBL;PRDJ;3;Directed
MOD;OG;2;Directed
INFH;TELH;3;Directed
IGRT;LOUR;1;Directed
SER;SDMC;1;Directed
CBMN;ALDN;1;Directed
GJ;MNH;2;Directed
PREA;QSEC;3;Directed
CART;GRJ;1;Directed
4CAM;FND;1;Directed
MRDR;VNEM;1;Directed
STJ;BRCC;3;Directed
PNHL;PRMV;1;Directed
TVA;AZV;1;Directed
LGAV;TRBG;1;Directed
RSR;JAZ;1;Directed
PPR;CI2;4;Directed
PREC;NSHP;1;Directed
AVLM;PML;1;Directed
BJ;CVLO;1;Directed
MTB;CNG;2;Directed
VRM;TMQ;1;Directed
SRPT;MTB;3;Directed
SGMC;GLV;2;Directed
CN;PIT;1;Directed
COB;LV;3;Directed
CSX;VN;1;Directed
25AB;VCHS;2;Directed
LW;CF;4;Directed
FOCO;PINM;4;Directed
IB;ST;2;Directed
PCUA;CORI;5;Directed
GNOR;REAR;2;Directed
NAVE;BL;3;Directed
IGMI;ARRG;1;Directed
BRC;BRIB;1;Directed
RAEP;PREC;2;Directed
TLHR;BLG;4;Directed
MN;GUIF;1;Directed
TVLR;REAL;1;Directed
TMTS;RMT;1;Directed
PORI;PASS;2;Directed
JPAZ;VIS;1;Directed
PCID;PCID;3;Directed
CMEI;BOIM;1;Directed
ASP;JFPD;1;Directed
CARR;PJGL;1;Directed
GATS;RPPC;1;Directed
GAS;CRVH;1;Directed
PCNS;CSRT;1;Directed
RMT;TMTS;1;Directed
ALFG;MRG;4;Directed
LGO;FTM;2;Directed
FRX;ARNH;1;Directed
CRTO;PGON;2;Directed
RCP;VNFZ;1;Directed
FRNS;VRD;1;Directed
JGD;ELV;1;Directed
MERC;CAVE;2;Directed
PRU;AEPT;3;Directed
FNTE;5OTR;1;Directed
RFER;LMBG;1;Directed
C24A;PDR;1;Directed
TESC;CSAD;1;Directed
RPPC;RBHR;1;Directed
APT;BBL;1;Directed
MFZ;PLUZ;1;Directed
CMV;VALC;4;Directed
CRZ;JDEU;1;Directed
PT;CMPT;2;Directed
GUAR;CRZ;1;Directed
CVI;NAT;3;Directed
MSTO;BVLH;1;Directed
GUFE;ARCO;1;Directed
LVP;JGD;1;Directed
MIS;TLHR;1;Directed
RGD;ECC;3;Directed
SVT;DC;1;Directed
LVR;5OTB;1;Directed
TPT;TMEI;1;Directed
AQR;HIP;1;Directed
R1;R;1;Directed
RCNH;CSAD;2;Directed
DAFC;PCID;1;Directed
OG;RCT;1;Directed
MLAR;OUTE;2;Directed
CMP;NDA;2;Directed
GRJ;APT;1;Directed
PCL;TRR;3;Directed
SRVM;AALB;1;Directed
JAZ;SETB;1;Directed
STO;STCZ;5;Directed
HMBC;SOLP;1;Directed
AF;CHA;2;Directed
BRCV;MSTO;1;Directed
LGO;RCRT;1;Directed
JD;CMG;1;Directed
SARI;TOR;1;Directed
HER;CSS;2;Directed
RLG;FTCC;1;Directed
RFL;TFL;1;Directed
AANT;DC;1;Directed
CCB;28J;4;Directed
FGT;CSXS;3;Directed
HB;SM;1;Directed
BLG;AML;4;Directed
TAZ;FS;1;Directed
ESTV;STE;3;Directed
ESTV;BRR;3;Directed
PLC;ANTZ;1;Directed
FGT;CSXN;3;Directed
CUS;DBT;1;Directed
TNG;PIV;3;Directed
CSJ;ISEP;1;Directed
ARSR;RGSM;1;Directed
PAS;HIP;1;Directed
MFP;PND;1;Directed
HMGL;LDD;2;Directed
JBR;SRVM;1;Directed
LMB;ABL;1;Directed
QTC;AEP;1;Directed
CV;DAC;5;Directed
PDZ;MATM;2;Directed
JMA;BGJ;1;Directed
RDS;PLG;1;Directed
ESP;GNDV;1;Directed
PDB;PDCM;1;Directed
ISG;FRCL;1;Directed
PDV;VLR;1;Directed
DPV;JM;1;Directed
RBRI;RBR;1;Directed
VFR;PLG;2;Directed
VASG;ERMI;1;Directed
PJUV;PGM;2;Directed
APDL;FZL;1;Directed
CSA;LDSM;1;Directed
CUTM;TEIB;1;Directed
HPRL;CVI;5;Directed
MRG;RBRI;4;Directed
FRS;DSQ;1;Directed
SCL;GAS;2;Directed
PARR;BIC;2;Directed
PBLS;TSJN;1;Directed
RGNG;SPAZ;1;Directed
MARB;LPC;1;Directed
CML;GAN;3;Directed
AAX;CTSS;3;Directed
VALC;PDR;3;Directed
ISNT;NTRT;1;Directed
TRD;PRFL;4;Directed
DAFC;DAH;1;Directed
ASOT;DAC;5;Directed
PRQC;RCH;1;Directed
RCT;OG;1;Directed
ALF;TCT;1;Directed
JD;AREI;1;Directed
CMO;CMO;1;Directed
EXP;AEP;2;Directed
TRH;MATR;1;Directed
PGM;PJUV;2;Directed
TVFO;TVBO;1;Directed
PQC;DAH;1;Directed
VFM;VFM;1;Directed
PCL;UC;3;Directed
PASS;IFOZ;1;Directed
CMPT;PT;2;Directed
ANTG;LDD;1;Directed
QSTG;PMV;1;Directed
QTI;REAL;1;Directed
LARJ;AR;1;Directed
FNTA;DQL;3;Directed
RBR;MS;4;Directed
EXP;VIS;1;Directed
ALFC;ALVC;1;Directed
PRA;JLS;1;Directed
BRCC;STJ;3;Directed
BRRG;CPSF;1;Directed
LNC;PRD;1;Directed
RLC;SLOP;1;Directed
MLAM;CPR;1;Directed
GODH;BRTC;1;Directed
INFS;ASOT;4;Directed
IGAL;PDVD;3;Directed
PMQ;PP;3;Directed
SOLP;PCVL;1;Directed
BVBR;HML;2;Directed
BNJ;FRX;2;Directed
VASG;RTEL;1;Directed
SRD;EBSR;3;Directed
SR;FBC;3;Directed
IFOZ;PASS;1;Directed
SBR;CGK;2;Directed
COB;AGOM;5;Directed
MNH;PCTO;2;Directed
PSOC;COMB;4;Directed
ALPR;VDV;6;Directed
MLAR;FEP;2;Directed
CTIO;MNSO;2;Directed
ATSR;BV;3;Directed
LGT;BCP;1;Directed
AS;RMOS;1;Directed
LEIR;COEM;1;Directed
JFPD;MMAI;2;Directed
ARCO;GUFE;1;Directed
ROSA;RTP;1;Directed
PDV;MOIN;1;Directed
FMGO;AS;1;Directed
LARJ;SMM;3;Directed
JP;CDFT;1;Directed
ST;IB;2;Directed
AGR;AGR;2;Directed
BLM;MCBL;3;Directed
SCAL;SCT;3;Directed
OL;DDA;1;Directed
TCT;IGRA;1;Directed
LEV;CTN;1;Directed
CUSF;RGT;1;Directed
HSA;PAL;10;Directed
FEP;FEUP;4;Directed
AUL;SAL;1;Directed
MPN;ZIND;1;Directed
ARS;ARSM;4;Directed
VLG;JLS;1;Directed
FTS;ALUM;1;Directed
AGRO;AEC;2;Directed
5OTB;LVR;1;Directed
GNR;PLU;2;Directed
MTSP;SAR;3;Directed
CRG;AST;1;Directed
CNSL;CGK;2;Directed
SEND;CRTM;2;Directed
LDD;CRRP;1;Directed
BIC;PARR;2;Directed
GODH;LOTA;3;Directed
RCNH;RARR;2;Directed
JD;PNG;1;Directed
BFM;GDM;5;Directed
ENV;RBD;2;Directed
ASPL;IPO;2;Directed
ENX;JFPD;1;Directed
CDF;PRR;3;Directed
SOLP;HMBC;1;Directed
OLVR;VSV;1;Directed
GRC;OLM;1;Directed
CSSH;VGM;1;Directed
LAPA;HSM;3;Directed
MERL;VML;2;Directed
PLG;VFR;2;Directed
ETRP;CQ;4;Directed
ICAM;MCAM;1;Directed
CIRC;JAZ;1;Directed
HSS;EMZ;3;Directed
CRST;SNG;1;Directed
PINH;SONH;1;Directed
MOIN;MAIN;1;Directed
PRCD;LGO;2;Directed
MLAM;CTS;1;Directed
TRD;JN;1;Directed
PG;PT;3;Directed
ISCP;DRB;3;Directed
VGM;COD;2;Directed
TRD;JR;2;Directed
GND;ELVG;1;Directed
DBT;CUS;1;Directed
SNG;CRST;1;Directed
PLNT;CART;4;Directed
RUL;RAEP;2;Directed
AM;JLD;4;Directed
DAH;PQC;1;Directed
MCE;MVP;4;Directed
IGRT;LEV;1;Directed
PDV;PCTV;1;Directed
SPAZ;CBD;1;Directed
GUIF;MN;1;Directed
GRJ;AGM;1;Directed
CVC;DISP;1;Directed
MGB;HSA;2;Directed
ASRR;RCMB;4;Directed
RGR;APRD;4;Directed
BLD;GTN;2;Directed
PNG;TVA;1;Directed
MPAZ;EFRD;1;Directed
MAIA;VIS;2;Directed
MRS;SL;1;Directed
AGRO;VTC;2;Directed
RA;MRR;2;Directed
TPI;GNDV;1;Directed
DDN;SGMC;2;Directed
GNR;SMJT;1;Directed
TPM;PSSM;2;Directed
TAZ;4CAM;1;Directed
VGM;CSSH;1;Directed
VCHS;GCR;2;Directed
RGT;CRMT;1;Directed
EZC;GSUL;1;Directed
BRA;STLZ;2;Directed
CQ;PCID;4;Directed
TLHR;CAM;4;Directed
PAUS;MTCT;1;Directed
MEIL;AM;3;Directed
SCND;MANH;1;Directed
RBX;RSUL;2;Directed
FLU;GAS;1;Directed
RCTL;PISA;1;Directed
RBRI;MRG;4;Directed
CVA;HML;2;Directed
BNJ;QBNJ;1;Directed
PDAM;MFP;1;Directed
AALB;JBR;1;Directed
IMAI;MAIA;3;Directed
DNAP;CRV;3;Directed
RCP;SR;1;Directed
CSSO;HMCH;1;Directed
JM;GGT;3;Directed
PFTT;MTD;1;Directed
ERMD;STNH;1;Directed
PARR;SCL;2;Directed
MSHP;RGFT;1;Directed
CAM;BRRG;1;Directed
MSTO;RPM;1;Directed
TVLR;VLRA;1;Directed
CVI;CSBV;4;Directed
VRZL;RBD;5;Directed
AGAS;SXO;3;Directed
HPRL;CTS;1;Directed
FTSR;GCR;2;Directed
CHV;IGRT;1;Directed
BVCM;BCM;3;Directed
MTD;FLO;1;Directed
PDAM;SM;1;Directed
CTS;HPRL;1;Directed
ZOID;CNV;1;Directed
PTD;GDR;2;Directed
SBVT;CORD;1;Directed
SCAT;PRDJ;1;Directed
FRN;CRPO;5;Directed
MS;SBNT;6;Directed
LW;SVT;4;Directed
COLS;PRDJ;1;Directed
EXP;PTLS;1;Directed
PTHS;VFRR;3;Directed
BVLH;NAT;4;Directed
RBD;ENV;2;Directed
MMAI;PDM;1;Directed
ALFN;FNT;1;Directed
CHAO;MCST;1;Directed
SL;IMAI;4;Directed
SGM;FRN;5;Directed
MATR;MGB;2;Directed
SAR;PCID;3;Directed
AGR;PMAI;3;Directed
CHAS;JA;2;Directed
ESCN;MOR;1;Directed
HMT;SER;1;Directed
IGRL;PCVL;1;Directed
TCRZ;PTLH;1;Directed
PPR;LARZ;1;Directed
GUD;CZG;1;Directed
AMRQ;ALT;1;Directed
RZAM;ACH;1;Directed
MPL1;RALG;3;Directed
TLN;VDTM;1;Directed
TTS;BLD;2;Directed
LDD;LDDM;1;Directed
PCVL;IGRL;1;Directed
BOVT;VLR;1;Directed
SALM;MIM;2;Directed
PVC;PRI;2;Directed
EZC;LION;1;Directed
BRRG;CAM;1;Directed
FSNT;ICAM;1;Directed
FLUN;PG;3;Directed
ARS;RGSM;2;Directed
IMTT;VIS;2;Directed
NDA;EDP;2;Directed
FEUP;ESED;4;Directed
SMAT;SP;1;Directed
BVCM;BVBR;1;Directed
ERM;VASG;1;Directed
LGT;BNJ;1;Directed
PNHL;TARG;1;Directed
ARNH;JAE;1;Directed
BAR;JQA;1;Directed
BCM;BS;11;Directed
CHV;HMCH;1;Directed
MTCT;SARI;1;Directed
ERM;CRZ;3;Directed
JAE;VRD;1;Directed
PSG;CPTO;1;Directed
FRRS;TTS;1;Directed
SM;HB;1;Directed
NTRT;PMEL;1;Directed
MTES;ALMG;1;Directed
DB;ASPL;2;Directed
PREL;CPR;1;Directed
DCVT;EDRG;2;Directed
PRCD;BARO;1;Directed
GSHP;TELH;3;Directed
AAX;SRSD;3;Directed
GLV;SGMC;2;Directed
SAMP;TSL;2;Directed
CSSO;URBS;1;Directed
CAM;CI3;5;Directed
SRGB;ILH;6;Directed
MAIZ;QTAD;1;Directed
CRTD;CBMN;1;Directed
VFRR;PTHS;3;Directed
FCAS;QTR;1;Directed
GCR;FTSR;2;Directed
BLD;TTS;1;Directed
CNTT;HSM;4;Directed
RMOS;AST;1;Directed
RSMT;MAKR;1;Directed
CSC;PRF;5;Directed
5OUT;DCPF;2;Directed
VIS;JPAZ;1;Directed
GC1;SRV;1;Directed
ALX;COND;1;Directed
ADA;RPM;1;Directed
TRD;AL;5;Directed
ERM;BVE;3;Directed
CORM;CORI;5;Directed
FOCO;BSS;4;Directed
RAEP;EZC;1;Directed
GTN;MAVO;1;Directed
FZIN;RAEP;2;Directed
ALCF;ALD;1;Directed
QSTG;C6;1;Directed
PFOZ;ALFK;1;Directed
CNG;MTB;2;Directed
PCAR;PDEH;1;Directed
VCHS;25AB;2;Directed
TXP;MPL;3;Directed
PCRR;LMBG;1;Directed
AUL;AVC;1;Directed
FEL;TARR;1;Directed
RCT;AR;1;Directed
REAL;LDD;1;Directed
MAV;ANT;4;Directed
MOR;MRD;1;Directed
PRU;BRRO;2;Directed
CAZ;SCR;3;Directed
STLZ;SEND;2;Directed
GUFS;FLO;2;Directed
ASRR;FS;1;Directed
RMT;LGDM;5;Directed
BS;PRG;12;Directed
CPU;AML;2;Directed
VDTM;TPG;1;Directed
LVR;CMS;1;Directed
C30;BV;3;Directed
MGDE;STL;2;Directed
MNSO;CTIO;2;Directed
ALXH;COD;2;Directed
RTE;DPA;1;Directed
TRBG;DISP;2;Directed
QCM;RSR;1;Directed
ST;AML;4;Directed
GA;DV;2;Directed
MP;MN;1;Directed
C30;BH;3;Directed
TTS;FRRS;1;Directed
SMAT;RGDI;1;Directed
RNOR;GSUL;2;Directed
AEC;AGRO;2;Directed
RBRI;PBLS;1;Directed
HRC;AKI;2;Directed
BTLH;PRDJ;5;Directed
ISS;AGU;2;Directed
QTR;FCAS;1;Directed
RCRT;LNEV;1;Directed
LGO;ABVT;2;Directed
CART;PLNT;4;Directed
HSM;CONS;4;Directed
SP;MERL;2;Directed
PRD;LNC;1;Directed
SRSD;STN;3;Directed
GUFS;PDAM;2;Directed
ACRD;BSS;4;Directed
CARR;SRHE;1;Directed
CVLO;IPRN;2;Directed
PQBT;MATC;4;Directed
MFZ;UC;3;Directed
STLZ;BRA;2;Directed
CRM;BRRM;2;Directed
FAP;VFR;2;Directed
MIM;UVDE;2;Directed
IGRT;CHV;1;Directed
EXP;EXP;4;Directed
APRD;RFON;2;Directed
COB;COB;2;Directed
CRST;ACNT;1;Directed
CVN;CHV;4;Directed
MERC;LGAJ;3;Directed
ESCL;ILH;1;Directed
SRC;1CNTM;1;Directed
CCC;SO;3;Directed
CB;CABN;1;Directed
CRTO;LIEG;2;Directed
AJA;PCRQ;1;Directed
MEIL;MRT;3;Directed
MDL;MDLP;1;Directed
PRDJ;AAL;3;Directed
BARO;PRCD;1;Directed
CTV;QTL;1;Directed
ELV;ACB;1;Directed
AAL;AAL;4;Directed
LGAJ;SRP;1;Directed
RMAR;PMS;1;Directed
DJ;CFM;2;Directed
CSX;PLG;1;Directed
QTM;RAL;2;Directed
ALFC;PQBT;1;Directed
HSJ;ASP;8;Directed
CVI;QTAM;4;Directed
ESED;FEUP;3;Directed
VFM;CNTT;4;Directed
RMOS;AS;1;Directed
ALMG;BAT;1;Directed
COEM;VAL;1;Directed
BCG;SPTO;1;Directed
ISG;ACBL;1;Directed
DL;CNT;2;Directed
OL;PLE;1;Directed
ESGZ;PREA;3;Directed
TPT;SCT;7;Directed
CORD;LOI;1;Directed
STG;FARM;1;Directed
AVF;FRS;1;Directed
LFC;FMAI;1;Directed
RMST;TMPR;1;Directed
JCT;QNV;1;Directed
SRPT;PPR;3;Directed
RPAC;PRD;1;Directed
SBNT;PRDJ;3;Directed
PRUE;CDR;1;Directed
ANTZ;PLC;1;Directed
DV;DVE;2;Directed
SO;CCC;3;Directed
TELH;GSHP;3;Directed
FG;HSM;1;Directed
AH;28J;4;Directed
MCAM;PCRJ;1;Directed
UVDE;VDE;1;Directed
CUS;CUSF;1;Directed
CAVE;LGAJ;2;Directed
CRM;EFRD;1;Directed
TAR;VL;2;Directed
FRX;BNJ;1;Directed
UC;MFZ;3;Directed
GU;CHC;1;Directed
SBR;PTCR;2;Directed
RPAC;CMEI;1;Directed
HPRL;CI2;4;Directed
PTM;RL;2;Directed
MAKR;RSMT;1;Directed
VSV;CBD;1;Directed
PERL;RTE;1;Directed
MCE;SMAI;2;Directed
QCMN;RTV;1;Directed
FRB;CRM;1;Directed
CORI;PCUA;5;Directed
AST;CRG;1;Directed
IGRT;IGRT;1;Directed
PRL;PRDJ;3;Directed
AGR;VESS;2;Directed
CVD;FEL;1;Directed
ANTG;PRO;1;Directed
AZC;HSPH;3;Directed
ACBL;VGM;1;Directed
SSB;VDN;3;Directed
SRGB;SR;3;Directed
GOA;PQBT;2;Directed
HMLM;MLH;2;Directed
BFTM;LDD;1;Directed
LRD;PLM;3;Directed
SR;SRGB;6;Directed
PCT;VN;1;Directed
CPR;PREL;1;Directed
BV;ATSR;3;Directed
VFM;ACN;2;Directed
GDM1;GU;1;Directed
MIS;BRA;1;Directed
PRO;ANTG;1;Directed
CSBV;GCRT;1;Directed
PRS;PDR;3;Directed
FTV;FSCA;1;Directed
JPR;STG;1;Directed
MAIA;EXP;1;Directed
SAM;SSB;1;Directed
LVR;CBN;2;Directed
GNDV;ESP;1;Directed
LDD;PRO;1;Directed
VRD;FRNS;1;Directed
CTSS;AAX;3;Directed
SRHH;PJGL;1;Directed
CMPO;PSEC;2;Directed
ANTG;BFTM;1;Directed
MLAM;PREL;1;Directed
MVTO;CERR;1;Directed
AV;QTL;3;Directed
CPU;VNC;2;Directed
PJGL;CARR;1;Directed
FTC;BCNT;1;Directed
BZ;SST;1;Directed
PRDR;SLZ;2;Directed
PMV;FTV;1;Directed
BRTC;SAR;1;Directed
IGRA;TCT;1;Directed
MLH;CRTO;2;Directed
PAL;HSA;10;Directed
PREA;ESGZ;3;Directed
ARRB;JA;4;Directed
MCE;MCE;1;Directed
CZV;CMIC;3;Directed
DNAP;ESGZ;3;Directed
BLRB;GCRT;2;Directed
IB;ISEP;2;Directed
LIN;RGDI;1;Directed
BOIM;CMEI;1;Directed
SGMC;DDN;2;Directed
HSM;MPL1;1;Directed
ALUM;JMA;1;Directed
VNC;CPU;2;Directed
NSHP;NSHP;1;Directed
RFZ;MOR;2;Directed
BFTM;PDVD;1;Directed
ISNT;VGM;1;Directed
FTM;ABVT;2;Directed
SCAT;PDR;5;Directed
DTR;RFAR;1;Directed
JCT;MCU;1;Directed
MCU;MANH;1;Directed
HSS;MV;3;Directed
ASZE;MASC;1;Directed
RNF;MARG;1;Directed
SHRM;QCM;1;Directed
JNN;CRTO;3;Directed
AHRQ;FNT;1;Directed
PCID;DAFC;1;Directed
C24A;NAVE;3;Directed
CBD;VSV;1;Directed
SONH;PINH;1;Directed
LOI;MS;1;Directed
PINM;SJB;1;Directed
AR;LARJ;1;Directed
SDP;MRS;6;Directed
RGDU;RDAG;1;Directed
BRSE;QTL;2;Directed
GAN;MRT;3;Directed
SCR;TXP;3;Directed
QTAD;CCA;1;Directed
PMV;QSTG;1;Directed
AGOM;RMT;5;Directed
CRVH;FLU;1;Directed
EDP;NDA;2;Directed
RGM;AVLH;1;Directed
LGT;AZV;2;Directed
MP;RDAG;1;Directed
OG;MOD;2;Directed
RFZ;MRD;1;Directed
JD;PDC;2;Directed
CSS;PBSS;1;Directed
CTV;BSEE;1;Directed
ACBL;ISG;1;Directed
TVG;TSL;2;Directed
ESR;SCRP;4;Directed
LRD;JB;5;Directed
FTSR;CFER;2;Directed
FGTR;RGM;1;Directed
CMG;PDC;1;Directed
LDD;BFTM;1;Directed
AVM;MTSP;2;Directed
CAVE;MERC;3;Directed
UVDE;MIM;2;Directed
EXP;REXP;1;Directed
IPO;HSJ;10;Directed
CHA;PAME;2;Directed
IFOZ;CNT;1;Directed
AEP;C6;1;Directed
AMR;REXP;1;Directed
AL;TRD;4;Directed
RSR;SRP;3;Directed
LGAJ;CAVE;2;Directed
MATI;SMAT;1;Directed
BLFZ;JN;1;Directed
LARJ;ESAS;1;Directed
FLU;PGM;2;Directed
MAIE;SBO;1;Directed
CMR;STE;2;Directed
MLH;NEVG;1;Directed
FCH;HMLM;2;Directed
RAEP;RUL;2;Directed
CLVR;CMV;4;Directed
LMBG;RFER;1;Directed
QBV;GDR;2;Directed
ABVT;FTM;2;Directed
CDR;PRUE;1;Directed
PND;ENXN;1;Directed
CCB;STN;3;Directed
SRVM;JBR;1;Directed
CGK;CNSL;2;Directed
MAIN;MOIN;1;Directed
CMO;HSA;13;Directed
AEC;LGM;2;Directed
MRS;CMS;6;Directed
MTP;AGAS;3;Directed
ARRV;PISA;1;Directed
RTV;QCMN;1;Directed
AVC;BJ;1;Directed
VDAM;CCBR;1;Directed
PCTV;PDV;1;Directed
SOUT;DMAN;1;Directed
MRI;GA;2;Directed
VDV;SRRS;3;Directed
CSA;MF;1;Directed
LBM;FCAS;1;Directed
LV;COB;7;Directed
MTCT;PAUS;1;Directed
PLC;AMRQ;1;Directed
NVL;PCTO;2;Directed
CRTO;MLH;5;Directed
SM;PDAM;1;Directed
PRD;RGLE;3;Directed
PCB;RAL;1;Directed
ASZ;PP;3;Directed
PDVD;IGAL;2;Directed
CAB;ISS;2;Directed
PDVD;BFTM;1;Directed
BRTC;PQBT;1;Directed
VIS;JAZ;2;Directed
CHV;SCAL;4;Directed
TRD;AAL;12;Directed
PAP;SHRM;1;Directed
QNV;DMAN;1;Directed
UC;PCL;3;Directed
GRC;CVI;4;Directed
APDL;FSCA;1;Directed
CVN;SSB;4;Directed
LOTA;GODH;3;Directed
CVLO;CONS;1;Directed
CCA;GDM1;1;Directed
CPRN;IPRN;1;Directed
EMDN;PRA;1;Directed
ELVG;GND;1;Directed
CMGS;CVC;1;Directed
CRV;MATC;3;Directed
PNV;GC;2;Directed
TSL;SAMP;2;Directed
RNH;PQN;3;Directed
SEMR;VALE;1;Directed
MPL;MPL;3;Directed
VLGE;PRS;2;Directed
RLG;VGM;1;Directed
STN;TF;3;Directed
RM;2PREL;1;Directed
JR;PRSM;2;Directed
PERL;LOUR;1;Directed
RBR;ELVG;5;Directed
FG;AQL;3;Directed
PCTV;PCT;1;Directed
JM;PRG;8;Directed
SEND;STLZ;2;Directed
MDLI;FRGO;1;Directed
CI2;HPRL;4;Directed
JGD;LVP;1;Directed
5OTR;RNF;1;Directed
LCMS;HUMB;1;Directed
ASP;HSJ1;9;Directed
BSS;ACRD;4;Directed
FG;CVLO;1;Directed
RDA;NVL;2;Directed
JSP;MTE;1;Directed
GDR;PTD;2;Directed
STCB;PCN;1;Directed
PRD;TRM;3;Directed
ANT;MAV;4;Directed
AGU;GJ;2;Directed
SOUT;OUTE;1;Directed
GC1;PINM;1;Directed
RL;PTM;2;Directed
GNOR;BVLB;2;Directed
PCC;CMP;1;Directed
VLR;MFOT;1;Directed
SST;BZ;1;Directed
CZV;RA;2;Directed
RTE;BZ;1;Directed
PMVA;CHC;1;Directed
MCAU;JCT;1;Directed
ERMI;ERM;7;Directed
TPR;FTC;1;Directed
JB;LRD;5;Directed
ESPH;QCMN;1;Directed
LAGE;LUCM;1;Directed
CONS;CVLO;2;Directed
TFL;CDL;1;Directed
RBO;RGDU;1;Directed
DCS;SCAL;1;Directed
BLM;TRD;2;Directed
JN;BLRB;1;Directed
TOR;SARI;1;Directed
DAH;DAFC;1;Directed
ANT;RC;3;Directed
LVR;SL;4;Directed
ABM;SJB;1;Directed
TNG;TVFC;1;Directed
PIN;MAII;1;Directed
5OUT;DDN;2;Directed
ABSS;SJBC;3;Directed
HUMB;ARSF;2;Directed
QTL;CTV;1;Directed
VDE;UVDE;2;Directed
ALXH;ALFN;1;Directed
CONS;HSM;1;Directed
R7N;R1;1;Directed
DVE;DISP;2;Directed
SAL;VDAM;1;Directed
LPC;TEC;1;Directed
ABSS;RBSS;4;Directed
1SGZ;TPM;1;Directed
MP;1SGZ;1;Directed
TVA;PNG;1;Directed
EZC;MPAZ;2;Directed
BRR;ESTV;3;Directed
BRTC;MTSP;1;Directed
SCT;MEIR;8;Directed
1CNTM;1STCT;1;Directed
TMPR;LGCP;1;Directed
JAS;1NOFR;1;Directed
BVCT;CZV;3;Directed
DACM;PRUE;1;Directed
CGK;SBR;2;Directed
AM;LVDR;1;Directed
GIT;CRPO;5;Directed
CF;LW;4;Directed
2PREL;URBP;1;Directed
ELV;JGD;1;Directed
HSM;EXP;1;Directed
VNEM;MRDR;1;Directed
MALM;MTA;1;Directed
LOUR;PERL;1;Directed
ROTA;VRZL;1;Directed
BVLH;SVP;3;Directed
EXP;CONS;1;Directed
FMPT;GAZ;1;Directed
DQL;ALXH;5;Directed
FEP;CPRN;1;Directed
SDP;QTC;1;Directed
ENXN;PND;1;Directed
ABVT;LGO;2;Directed
PMVA;PDM;1;Directed
MASC;PAST;1;Directed
ANTZ;VRM;1;Directed
AM;AVLM;1;Directed
ABL;LMB;1;Directed
5OTB;HB;1;Directed
CZG;R5;1;Directed
COB;RGR;4;Directed
ALT;MAIE;1;Directed
CHV;CVN;4;Directed
TRR;PCL;3;Directed
LND;CSSH;1;Directed
HML;BVBR;2;Directed
SRRS;BRRS;2;Directed
VINH;TAR;2;Directed
MAV;AANT;3;Directed
.;MMAI;1;Directed
ENXN;LMG;1;Directed
RBD;VRZL;5;Directed
PISC;BSB;3;Directed
MPL1;MPL;2;Directed
REAR;ARJ;2;Directed
AST;RMOS;1;Directed
FARM;PIT;1;Directed
ACB;ELV;1;Directed
RSR;QCM;1;Directed
QRS;ART;1;Directed
MFZ;PRI;2;Directed
GUD;.;1;Directed
TARG;PNHL;1;Directed
PMEL;NTRT;1;Directed
PREL;URBP;1;Directed
RGLE;PRD;3;Directed
PING;SRLZ;1;Directed
BSS;FOCO;4;Directed
CRRP;BRV;1;Directed
CSE;MARG;1;Directed
PIC;ACB;1;Directed
BAT;AMR;1;Directed
IMAI;MRS;1;Directed
MAKR;GSHP;3;Directed
URBS;FNZ;1;Directed
CRR;FRR;3;Directed
AMR;BAT;1;Directed
CCL;ALUM;1;Directed
RIGR;MSHP;1;Directed
HMCH;CSSO;1;Directed
TBNJ;PINC;1;Directed
BLRB;TRD;1;Directed
1SGZ;1CDR;1;Directed
GODC;BVG;2;Directed
CNG;BRSE;2;Directed
GC;PNV;2;Directed
CTS;MLAM;2;Directed
SHRM;SRHR;1;Directed
1ASL;ASZ;1;Directed
EIR;BFM;5;Directed
PIT;CN;1;Directed
PGON;PING;2;Directed
SRHR;CARR;1;Directed
CPTO;PSG;1;Directed
CVC;PCB;1;Directed
R;R1;1;Directed
CB;VARZ;5;Directed
FBC;SRGB;3;Directed
FRR;VDN;3;Directed
SP;LOTA;3;Directed
AVLM;AM;1;Directed
FRNS;PTDM;1;Directed
AZN;MALM;1;Directed
FOR;MAIA;1;Directed
ARSF;HUMB;2;Directed
AA;ARS;4;Directed
RGNG;ERMD;1;Directed
CRRS;TVFO;1;Directed
CQ;MAL;1;Directed
PRD;RPAC;1;Directed
MTRA;ASZE;1;Directed
CMGS;LMG;1;Directed
ESAS;LARJ;1;Directed
FTN;VTC;2;Directed
BCM;GRC;11;Directed
FTCC;RLG;1;Directed
TCVC;ALPR;6;Directed
FEUP;FEP;3;Directed
ACAR;ESGZ;1;Directed
GSUL;RNOR;2;Directed
ARRV;QULH;1;Directed
NSHP;RAEP;1;Directed
MARG;RNF;1;Directed
VALE;AMSE;1;Directed
CNV;AZN;1;Directed
ALUM;FTS;1;Directed
HMT;GOA;1;Directed
STCZ;STE;5;Directed
MPL;PSOC;4;Directed
PP;PMQ;3;Directed
5OTR;PINH;1;Directed
OLB;TCRZ;1;Directed
CBD;SPAZ;1;Directed
FTMR;EMDN;1;Directed
RF;SPC;2;Directed
PLNT;GRJ;1;Directed
STCZ;STO;5;Directed
PRMR;LV;5;Directed
AVTE;ISEP;1;Directed
RA;CZV;2;Directed
AAL;PRFL;1;Directed
SP;MATM;4;Directed
AC;FCR;1;Directed
PSL;SPC;2;Directed
AFEI;TRI;5;Directed
JPR;CRRS;1;Directed
VDTM;TLN;1;Directed
TMQ;VRM;1;Directed
CRVL;CCC;3;Directed
SBNT;LPDZ;6;Directed
RARR;VESS;2;Directed
GDR;QBV;2;Directed
TEIB;BOIM;1;Directed
GIT;TRI;5;Directed
CSXN;FGT;3;Directed
PSEC;PAME;2;Directed
CRZ;PTCR;2;Directed
TLHO;AML;4;Directed
ESCL;SR;6;Directed
CI3;CAM;5;Directed
AQR;PINT;1;Directed
HSM;PRSM;2;Directed
FS;ASRR;1;Directed
DDN;5OUT;2;Directed
ZIND;MPN;1;Directed
RRDL;RZAM;1;Directed
VML;LGT;2;Directed
RFAR;MFZ;1;Directed
FSCA;APDL;1;Directed
SMM;GFR;1;Directed
BLRB;BLFZ;1;Directed
BOVT;BEL;1;Directed
MPL;FG;4;Directed
GSHP;MAKR;3;Directed
PRR;LAPA;3;Directed
DTR;LIEG;1;Directed
GCZ;BRBQ;1;Directed
AML;AML;1;Directed
CMO;OLIV;1;Directed
PCAR;MRDR;1;Directed
ASZ;CSSM;3;Directed
PRQC;CERR;1;Directed
MTLB;CEMT;1;Directed
SRRS;LGAV;2;Directed
MCST;CHAO;1;Directed
SPC;RF;2;Directed
RSR;AV;3;Directed
BS;BCM;12;Directed
FTC;BFB;1;Directed
STN;SRSD;3;Directed
CQ;CQ;1;Directed
FND;4CAM;1;Directed
AAL;PRDJ;2;Directed
BRTC;GODH;1;Directed
LOTA;SP;3;Directed
OUTE;SOUT;1;Directed
BFB;RCON;1;Directed
PAV;RTNM;4;Directed
LAPA;AEP;1;Directed
SVP;VFM;3;Directed
LGO;PRCD;2;Directed
UVDE;VDES;1;Directed
SALM;MV;2;Directed
RNSG;AP;1;Directed
DNAP;FNTL;1;Directed
MJP;PRMR;5;Directed
GODS;MTCR;2;Directed
CVI;HPRL;5;Directed
FRRS;ROR;1;Directed
FTS;PIC;1;Directed
CCC;CRVL;2;Directed
PSR;MFOT;1;Directed
MOR;ESCN;2;Directed
AS;FMGO;1;Directed
ESGZ;DNAP;4;Directed
VLR;BOVT;1;Directed
PING;MFZ;1;Directed
ESAS;SSD;1;Directed
VIS;VIS;9;Directed
IRM;SJB;3;Directed
BLM;BLAM;4;Directed
SVP;BVLH;3;Directed
PRG;VILR;2;Directed
FRX;RSH;2;Directed
GOA;HMT;1;Directed
RTE;PERL;1;Directed
RAL;PCB;1;Directed
IGAL;PFMA;1;Directed
CRVH;GAS;1;Directed
HIPD;QTC;1;Directed
ALNV;NZ;1;Directed
MSHP;ERMI;1;Directed
MAL;CQ;1;Directed
EDP;FRX;2;Directed
SAMP;PHIP;2;Directed
TLHR;AVTE;1;Directed
STL;PTM;2;Directed
FOR;FCR;1;Directed
MAIE;ALT;1;Directed
TRM;RGLO;3;Directed
ARDG;RCTL;1;Directed
ESED;HSJ1;3;Directed
PGM;FLU;2;Directed
CUTM;PEDR;1;Directed
SST;CTN;1;Directed
BVG;MTCR;2;Directed
AZ;BLG;4;Directed
BGJ;SCC;1;Directed
PLM;ALX;1;Directed
MFZ;DTR;1;Directed
HSA;MATR;2;Directed
BRNS;TVLR;1;Directed
ECC;RGD;3;Directed
ISEP;AVTE;1;Directed
AZC;SRHH;1;Directed
AL;SBNT;5;Directed
SAR;DJ;2;Directed
25AB;CFER;2;Directed
MTE;TLR;1;Directed
TLN;ESP;1;Directed
MNH;GJ;2;Directed
EFRD;MPAZ;1;Directed
JLD;MEIL;3;Directed
STG;JPR;1;Directed
STC;ALX;2;Directed
COMB;PSOC;4;Directed
MLH;HMLM;2;Directed
ESRT;RTES;1;Directed
EQ;MCE;1;Directed
CRT;PREG;1;Directed
CVO;ALNV;1;Directed
GSUL;EZC;1;Directed
FND;COVN;1;Directed
TRM;PRD;3;Directed
ROR;FRRS;1;Directed
CMO;CLRG;1;Directed
GUIF;TOR;1;Directed
CRTM;SEND;2;Directed
RSMT;TMTS;1;Directed
PTM;STL;2;Directed
SCT;STBX;4;Directed
TIM;CQ;2;Directed
RCRT;LGO;1;Directed
DSS;IPRN;1;Directed
SCT;SCAL;3;Directed
CAVE;PLU;2;Directed
RST;VTO;1;Directed
RPR;MVTO;1;Directed
CSSM;SM;3;Directed
ARCO;MTA;1;Directed
JP;CPNH;2;Directed
QTM;RL;1;Directed
EMDN;FTMR;1;Directed
BELA;BCH;1;Directed
RAEP;RAEP;1;Directed
CDFT;JP;1;Directed
DCAS;FTNH;3;Directed
VNFZ;PSG;1;Directed
PSSM;GUIF;2;Directed
ECC;VFRR;3;Directed
VAL;VAL;1;Directed
CRPO;GIT;5;Directed
RTES;ESRT;1;Directed
1JBRR;PFOZ;1;Directed
MPAZ;MPAZ;4;Directed
SA;RTEL;1;Directed
SMAI;DPV;2;Directed
LNC;THB;1;Directed
PAST;PLM;1;Directed
LIEG;DIU;2;Directed
PCVL;SOLP;1;Directed
PRO;LDD;1;Directed
PMS;RMAR;1;Directed
CM;GNR;2;Directed
MRT;GAN;3;Directed
ISCP;CVD;1;Directed
RGD;SXO;3;Directed
PRL;BTLH;1;Directed
AZN;CNV;1;Directed
AM;AM;1;Directed
CCBR;SVT;1;Directed
TLHR;MIS;1;Directed
CVD;ISCP;3;Directed
BRRS;TCVC;6;Directed
1CDR;CSTM;1;Directed
AGM;BVCM;5;Directed
SSD;ASZ;1;Directed
FTM;BRV;2;Directed
1PREL;RM;1;Directed
JLS;PRA;1;Directed
BZ;RTE;1;Directed
FLU;STC;2;Directed
MCAM;BFAL;1;Directed
FMGO;GGC;3;Directed
MAIA;VBR;2;Directed
PFTT;ALVS;1;Directed
FNT;AHRQ;1;Directed
BRR;ATSR;3;Directed
SJB;PINM;1;Directed
MTD;AGR;1;Directed
RCTL;ARDG;1;Directed
CVI;CTS;1;Directed
ASP;PPR;1;Directed
SM;CSSM;3;Directed
1NOFR;1ESTN;1;Directed
NTRT;ISNT;1;Directed
RFON;HRC;2;Directed
ARNH;FRX;1;Directed
BTLH;SCAT;1;Directed
VBR;JZOO;2;Directed
MATM;PDZ;2;Directed
MCE;EQ;1;Directed
LDSM;HMGL;2;Directed
CTN;ENV;2;Directed
SAR;AVM;2;Directed
FNTL;ACD;2;Directed
GC;PINM;2;Directed
QCMN;ESPH;1;Directed
HIP;AQR;1;Directed
SPC;PSL;2;Directed
CVLO;CPL;1;Directed
CAVE;GNR;1;Directed
RZAM;RRDL;1;Directed
ALFK;CREI;1;Directed
ALVS;SA;1;Directed
GLV;FRN;1;Directed
PRR;SDP;1;Directed
GOA;ALFC;2;Directed
MGDE;MNSO;2;Directed
AREI;JD;1;Directed
CPRN;FEP;1;Directed
BLAM;PDR;4;Directed
AR;RCT;1;Directed
AC;PINT;1;Directed
COD;VGM;2;Directed
AV;RSR;3;Directed
PDV;GFR;1;Directed
OUTE;TMQ;1;Directed
CRT;BMAF;1;Directed
FEL;CVD;3;Directed
TAN;CVO;1;Directed
LAGE;VSG;1;Directed
SP;RA;2;Directed
AGR;MTD;1;Directed
CREI;ALFK;1;Directed
CBN;CTSS;3;Directed
LUCM;SBO;1;Directed
CRTO;PING;1;Directed
ISEP;DSS;1;Directed
GND;ALM;1;Directed
RBR;RBRI;1;Directed
SRP;CVC;1;Directed
PDVD;CSA;1;Directed
CPR;MLAM;1;Directed
SAL;OUTE;2;Directed
CPL;VFM;2;Directed
EDRG;CRJ;7;Directed
MTA;MALM;1;Directed
SBO;LUCM;1;Directed
VLC;FBC;3;Directed
SVT;PLIM;4;Directed
STLZ;RL;1;Directed
SCAL;CHV;4;Directed
RTP;CRVL;3;Directed
REXP;EXP;1;Directed
RFND;PSR;1;Directed
MAKR;AKI;2;Directed
LION;EZC;1;Directed
RMAR;NZ;1;Directed
ALXH;BTLH;5;Directed
SJB;SJBC;3;Directed
DCVT;AANT;2;Directed
RNF;5OTR;1;Directed
CPSF;BRA;1;Directed
IPO;ST;6;Directed
CMEI;RPAC;1;Directed
AJA;TPI;1;Directed
LVDR;JLD;1;Directed
PRR;FIG;3;Directed
NEV;MAL;1;Directed
SMAI;MCE;2;Directed
AKI;MAKR;2;Directed
JAS;ABMG;1;Directed
ARDG;TARG;1;Directed
PMQ;CCB;3;Directed
SARI;MTCT;1;Directed
CB;CV;4;Directed
EMZ;HSS;3;Directed
ROTA;ARS;2;Directed
MTB;VNC;2;Directed
CDFT;BCH;1;Directed
NEV;PRCD;1;Directed
BRP;BRV;1;Directed
CSXS;MTB;3;Directed
ABX;BRG;1;Directed
ARRG;IGMI;1;Directed
SO;DJM;2;Directed
PCRJ;FSNT;1;Directed
MFP;PDAM;1;Directed
AVLH;TFV;1;Directed
1PRU;AEPT;1;Directed
CUS;TFV;1;Directed
HSM;LAPA;4;Directed
RM;JPAZ;1;Directed
REXP;AMR;1;Directed
CSBV;SDP;6;Directed
PREP;MCB;2;Directed
FALC;CRT;7;Directed
VRZL;ARSR;5;Directed
PING;PLUZ;1;Directed
VNEM;AAS;1;Directed
MATM;MATM;1;Directed
DVE;MRI;2;Directed
RDAG;RGDU;1;Directed
SRRS;DP;2;Directed
ARRB;CCB;4;Directed
FTNH;BLRB;3;Directed
FTMR;PRS;1;Directed
BFTM;ANTG;1;Directed
JN;FTNH;1;Directed
JAZ;VIS;2;Directed
TMEI;AAS;1;Directed
ARJ;PTH;2;Directed
IMAI;SL;2;Directed
CONS;VFM;5;Directed
SR;BRB;1;Directed
TLHO;FLOS;4;Directed
RCMB;FTSR;4;Directed
CORD;AAL;3;Directed
MPL;DCAS;3;Directed
TEC;FCA;1;Directed
PINT;AC;1;Directed
VDV;INFH;3;Directed
GSUL;EPC;1;Directed
RBRI;MS;2;Directed
GODH;PQBT;2;Directed
RPM;MSTO;1;Directed
CMR;VL;2;Directed
CSTM;CRMT;1;Directed
PDEH;TCRZ;1;Directed
AA;ACO;4;Directed
FVLH;EDRG;5;Directed
VIS;IMTT;2;Directed
RF;COVH;2;Directed
COND;EALX;1;Directed
RALG;SI;1;Directed
JFB;GEST;1;Directed
PPR;SRPT;3;Directed
PAME;CHA;2;Directed
TRI;GIT;5;Directed
APT;CART;1;Directed
RAL;PDM;2;Directed
SLZ;DQL;2;Directed
CEMT;MTLB;1;Directed
RFND;AHRQ;1;Directed
SCC;ESPH;1;Directed
LEV;IGRT;1;Directed
PFOZ;CMPT;2;Directed
MRD;C24A;2;Directed
CUS;CAL;1;Directed
PING;DTR;1;Directed
CMPT;JRC;1;Directed
CRG;LVDR;1;Directed
CSSR;SRRS;4;Directed
BARR;IGRA;1;Directed
SVT;VDAM;1;Directed
ALD;VLRA;1;Directed
TEIB;CUTM;1;Directed
RGLE;GGC;3;Directed
QULH;ARRG;1;Directed
AP;STA;1;Directed
LGAV;JD;1;Directed
MANH;MCAU;1;Directed
LGAJ;MERC;2;Directed
MIM;SALM;2;Directed
BMAF;SRC;1;Directed
CONT;HIPD;1;Directed
NEVG;LNEV;1;Directed
PFMA;IGAL;2;Directed
SCAL;DCS;1;Directed
VFRR;ECC;3;Directed
BRO;SGM;5;Directed
RGFT;RLC;3;Directed
BVBR;BCM;2;Directed
PASS;SRLZ;2;Directed
SER;HMT;1;Directed
GODH;MTSP;2;Directed
QSPL;ESPL;3;Directed
ARSM;ARS;7;Directed
VGM;ACBL;1;Directed
PREC;RAEP;1;Directed
BLG;TLHR;4;Directed
HSJ1;IPO;9;Directed
HSPH;AZC;3;Directed
RAEP;RBSS;2;Directed
MOD;SMM;2;Directed
PDVD;LDSM;3;Directed
SSB;CVN;4;Directed
CV;CB;4;Directed
MRI;APRD;2;Directed
CRM;SJBC;1;Directed
ESTR;ZIND;2;Directed
PBSS;PCC;1;Directed
QRS;RMST;1;Directed
VDN;SSB;3;Directed
CPNH;E10;2;Directed
SR;SR;2;Directed
ABX;1PRU;1;Directed
LMG;ENXN;1;Directed
PQC;TVLR;1;Directed
DPA;MED;1;Directed
ANTG;BRCP;3;Directed
LGDM;COB;5;Directed
NP;IGRL;1;Directed
RL;QTM;1;Directed
CQ;TIM;2;Directed
PDZ;GODH;2;Directed
1FARS;TTS;1;Directed
CBN;LVR;3;Directed
9AG;COVN;1;Directed
JZOO;VBR;2;Directed
SAN;SNG;1;Directed
MALM;AZN;1;Directed
CSP;VFM;4;Directed
VLR;PDV;1;Directed
ENX;ARS;6;Directed
SRGB;SRC;1;Directed
PLG;CSXN;3;Directed
BJ;ACST;1;Directed
GJ;AGU;2;Directed
PDM;PMVA;1;Directed
BS;BVCT;3;Directed
GAS;FLU;1;Directed
CRZ;PFTT;1;Directed
ASZ;ZOID;1;Directed
AAS;VNEM;1;Directed
TF;PRNT;3;Directed
PREC;AZC;2;Directed
PTCR;SBR;2;Directed
VGM;ISNT;1;Directed
RC;BRCC;3;Directed
LDD;ANTG;1;Directed
FNZ;CABN;1;Directed
HB;5OTB;1;Directed
PTHS;CRR;3;Directed
FTSR;RCMB;4;Directed
STO;VARZ;5;Directed
CSSM;ASZ;3;Directed
CSAD;TESC;1;Directed
ALM;PTDM;1;Directed
IPRN;CVLO;2;Directed
ENX;ASP;9;Directed
PLM;LRD;3;Directed
VBR;MAIA;2;Directed
QULH;ARRV;1;Directed
DRB;OG;3;Directed
QSPL;JMRR;3;Directed
NDA;CMP;2;Directed
ISEP;ISEP;2;Directed
CAL;PCRQ;1;Directed
FMGO;SRG;2;Directed
CNSL;AM;2;Directed
PMS;MVTO;1;Directed
4CAM;TAZ;1;Directed
QTAM;CZV;4;Directed
CAM;TLHR;4;Directed
PUNV;FEP;1;Directed
PRR;JN;1;Directed
AGAS;MTP;3;Directed
STJ;ACO;4;Directed
PDR;COLS;1;Directed
GFR;PDV;1;Directed
TRBG;LGAV;3;Directed
LGET;CSSR;4;Directed
MFOT;PSR;1;Directed
BFM;BL;1;Directed
FCA;PLNT;1;Directed
SMJT;LGAV;1;Directed
TSL;TVG;2;Directed
MCST;9AG;1;Directed
CAB;JSP;1;Directed
FLOS;TLHO;4;Directed
MATM;SMAT;2;Directed
FRX;EDP;2;Directed
NP;DDA;1;Directed
IGRL;NP;1;Directed
ASZ;ASZ;1;Directed
PRG;JM;7;Directed
PMAI;AGR;3;Directed
PISA;RCTL;1;Directed
PQN;RNH;3;Directed
PDR;C24A;10;Directed
R1;R7P;1;Directed
RLC;RGFT;3;Directed
CLRG;PRL;1;Directed
PBSS;CMP;1;Directed
IANT;MAV;1;Directed
AANT;MAV;2;Directed
DAC;ASOT;5;Directed
RGFT;MSHP;1;Directed
AEP;HSM;1;Directed
PVC;1JBRR;1;Directed
RLC;TVG;2;Directed
CSS;CMP;2;Directed
AM;PCUA;5;Directed
MLH;JNN;3;Directed
PIT;FARM;1;Directed
GEST;BARC;1;Directed
BRSE;CNG;2;Directed
C24A;DJOA;11;Directed
ABL;RBO;1;Directed
PSOC;MPL;4;Directed
FMGC;CHAO;1;Directed
TVFO;CRRS;1;Directed
RDAG;MP;1;Directed
BRG;ABX;1;Directed
PINC;FRX;1;Directed
AML;AZ;4;Directed
PRCD;NEV;1;Directed
VDES;VDE;1;Directed
MPAZ;CONT;1;Directed
INFH;SRRS;3;Directed
PSR;RFND;1;Directed
MSHP;RIGR;1;Directed
VDN;FRR;3;Directed
CSAD;ANV;1;Directed
CPNH;JP;2;Directed
DISP;DVE;2;Directed
ART;QRS;1;Directed
JDEU;PVH;1;Directed
PTD;RDA;2;Directed
HSJ;ESED;3;Directed
SJB;IRM;3;Directed
FLOS;SMMM;4;Directed
PTH;ARJ;2;Directed
BFAL;FALC;1;Directed
PJGL;SRHH;1;Directed
FTV;PMV;1;Directed
MNSO;MGDE;2;Directed
SJB;ABM;1;Directed
OG;DB;2;Directed
BL;NAVE;4;Directed
NVT;SRGB;1;Directed
TIM;HMLM;2;Directed
CAL;CUS;1;Directed
CAB;SAN;1;Directed
PRS;FTMR;1;Directed
NOC;ARRB;2;Directed
AGM;ACRD;4;Directed
VFM;SVP;3;Directed
PRDR;HER;2;Directed
EC;LGM;4;Directed
SCRP;ESR;4;Directed
EZC;PRO;2;Directed
UFP;IPRN;2;Directed
GENT;JMRR;3;Directed
RTEL;VASG;1;Directed
CABN;CB;1;Directed
BTLH;ESPL;3;Directed
BCG;SP;2;Directed
QSEC;HSPH;3;Directed
PHIP;ARDG;2;Directed
RALG;CAZ;3;Directed
SRHE;ISRH;1;Directed
ESRT;SAM;1;Directed
NAT;BVLH;3;Directed
CGG;GODC;2;Directed
ANV;ZIND;1;Directed
CNTM;CRT;1;Directed
QCH;FMGC;1;Directed
BVE;5OTR;3;Directed
JMRR;GENT;3;Directed
CMG;GENT;3;Directed
RGDI;LFC;1;Directed
DSQ;CMS;1;Directed
ALVC;BRTC;1;Directed
CNV;ZOID;1;Directed
CPOV;STCB;1;Directed
CRRS;JPR;1;Directed
JAZ;BRVS;1;Directed
MN;MP;1;Directed
JFPD;LCMS;1;Directed
BVCM;BS;4;Directed
CSRT;DCS;1;Directed
QCM;LND;1;Directed
PVC;JBR;1;Directed
CTIO;PTH;2;Directed
FRN;TVBO;1;Directed
PSOC;FG;1;Directed
PRMV;MPN;1;Directed
TARR;HSJ1;1;Directed
RRDL;MDL;1;Directed
PREL;FR;1;Directed
PAS;JFB;1;Directed
SO;ARR;1;Directed
RAEP;CONT;2;Directed
5OTR;BVE;3;Directed
DBT;GSUL;1;Directed
ESPL;FNTA;3;Directed
CNT;DL;2;Directed
REV;BFTM;1;Directed
CCRN;CEMT;1;Directed
C6;AEP;1;Directed
BRCP;ANTG;3;Directed
EDRG;DCVT;2;Directed
SRHH;AZC;1;Directed
ASP;BRSL;1;Directed
PDC;LGAV;3;Directed
NZ;RMAR;1;Directed
CTP;AQL;3;Directed
FAP;RSUL;2;Directed
BVE;ERMI;3;Directed
FRXI;JQA;1;Directed
VILR;DPV;2;Directed
RGFT;RIGR;2;Directed
CRJ;EDRG;7;Directed
MTSP;GODH;2;Directed
SDP;ABSS;3;Directed
PBSS;CSS;3;Directed
SAN;JSP;1;Directed
AAS;SCT;1;Directed
FG;MPL1;4;Directed
VGM;RLG;1;Directed
AEP;QTC;1;Directed
BARR;ADNV;1;Directed
CSP;ADA;4;Directed
QTL;BRSE;2;Directed
RL;STLZ;1;Directed
EBSR;SRD;3;Directed
PAUS;LIN;1;Directed
TPG;VDTM;1;Directed
BTLH;SLZ;3;Directed
BVLB;GSUL;2;Directed
MMAI;VIVA;1;Directed
STA;AP;1;Directed
FNT;ALFN;1;Directed
ERM;ERM;4;Directed
CHA;AF;2;Directed
RGDI;LIN;1;Directed
BRO;CORM;5;Directed
TIM;PCV;2;Directed
TMPR;RMST;1;Directed
AMRQ;PLC;1;Directed
HGAI;CMG;2;Directed
GAS;SCL;2;Directed
FMAI;EXP;1;Directed
EALX;MARB;1;Directed
RCMB;ASRR;4;Directed
CVI;BRCV;1;Directed
AQL;FG;3;Directed
MJP;CDL;5;Directed
BH;COVH;3;Directed
SMAT;MATM;1;Directed
BRIB;BRC;1;Directed
1ESTN;1RAQ;1;Directed
SMAT;MATI;1;Directed
BRV;LDD;1;Directed
RGDU;RBO;1;Directed
CSTM;MP;1;Directed
PINM;GC;2;Directed
PMAI;RGLO;3;Directed
FARM;STG;1;Directed
FRA;DACM;1;Directed
CZG;GUD;1;Directed
CSAD;RCNH;2;Directed
COVH;RF;2;Directed
BAT;ALMG;1;Directed
GAN;CML;3;Directed
PRG;BS;11;Directed
FCH;MLH;2;Directed
CHOL;CRJ;6;Directed
PRFL;GGF;9;Directed
ESED;ASP;1;Directed
STBX;OTH;4;Directed
PML;PVH;1;Directed
GENT;CM;2;Directed
CERR;PRQC;1;Directed
ANV;CSAD;1;Directed
FLUN;PLM;3;Directed
JLD;CNSL;2;Directed
STA;FGTR;1;Directed
BCNT;CNTM;1;Directed
BRG;MSB;1;Directed
LGAV;HG;2;Directed
MSB;TPG;1;Directed
PCRQ;CAL;1;Directed
CMS;BCM;11;Directed
STCB;CPOV;2;Directed
GCRT;FTNH;2;Directed
PRDJ;AL;2;Directed
PSSM;TPM;2;Directed
SETB;SRP;1;Directed
SAL;AUL;1;Directed
PHIP;SAMP;2;Directed
CTN;SST;1;Directed
MRR;MTCV;3;Directed
TARG;ARDG;1;Directed
QCM;SHRM;1;Directed
HMLM;TIM;4;Directed
DPV;CALE;1;Directed
GUIF;PSSM;2;Directed
FNZ;URBS;1;Directed
CRT;BFAL;1;Directed
CORD;SBNT;2;Directed
PCB;CVC;1;Directed
MRG;ALFG;4;Directed
PTLS;SMAT;1;Directed
HRC;RFON;2;Directed
QTAM;CVI;4;Directed
IGAL;BARO;1;Directed
AP;RNSG;1;Directed
APRD;MRI;2;Directed
GTN;BLD;1;Directed
RBSS;FRB;1;Directed
GDM1;CCA;1;Directed
VALC;CLVR;4;Directed
AVC;AUL;1;Directed
BBL;LRD;1;Directed
TRBG;HGAI;1;Directed
STNH;ERMD;1;Directed
CAVE;FTN;2;Directed
EDM;ASRR;3;Directed
PCN;STCB;1;Directed
PQBT;GODH;2;Directed
PDCM;CUTM;1;Directed
BCM;CMS;4;Directed
PRF;A25A;5;Directed
TAR;VINH;2;Directed
ENX;ARSM;3;Directed
FTM;PNV;2;Directed
MVP;MCE;4;Directed
GONS;GGT;1;Directed
ALFK;PFOZ;1;Directed
MRT;MEIL;3;Directed
LGCL;CPL;1;Directed
DJOA;BLM;9;Directed
PVH;PML;1;Directed
CNT;PASS;1;Directed
RBHR;RPPC;1;Directed
LION;MTLB;1;Directed
MAIZ;MAII;1;Directed
JDEU;CRZ;1;Directed
QBNJ;TBNJ;1;Directed
PIC;FTS;1;Directed
ALX;LRD;2;Directed
COD;ALXH;2;Directed
ESTR;CRTM;2;Directed
NOF;JAS;1;Directed
MTB;SRPT;3;Directed
REAL;TVLR;1;Directed
DCPF;SRG;2;Directed
AF;VLGE;2;Directed
CI2;PPR;4;Directed
ZIND;BRRO;2;Directed
ADA;CSP;4;Directed
FTM;LGO;2;Directed
9AG;MCST;1;Directed
SBNT;PRL;1;Directed
MAII;JZOO;2;Directed
GAZ;BRIB;1;Directed
CCB;ARRB;4;Directed
CMSM;BVC;4;Directed
C6;QSTG;1;Directed
CCA;QTAD;1;Directed
TFV;AVLH;1;Directed
PCTO;MNH;2;Directed
AQL;PISC;3;Directed
OLB;ASOT;1;Directed
VFM;CPL;1;Directed
FSCA;FTV;1;Directed
CRJ;FSTO;6;Directed
LNEV;RCRT;1;Directed
IPRN;LGCL;1;Directed
ACD;BRTC;2;Directed
PRI;MFZ;2;Directed
GSUL;BVLB;2;Directed
MAVO;PCN;1;Directed
VARZ;STO;5;Directed
PQN;VLC;3;Directed
NATV;JFPD;1;Directed
IPRN;ISEP;2;Directed
TSJN;SBVT;1;Directed
BGJ;CCL;1;Directed
VN;CSX;1;Directed
VTC;AGRO;2;Directed
LDSM;PDVD;2;Directed
LND;QCM;1;Directed
PVH;JDEU;1;Directed
TPM;1SGZ;1;Directed
VLR;SM;1;Directed
QNV;JCT;1;Directed
VLRA;ALD;1;Directed
JMR;FRXI;2;Directed
IGRA;BARR;1;Directed
GENT;TRBG;2;Directed
ACH;RCH;1;Directed
REV;LDDM;1;Directed
EXP;MAIA;1;Directed
LARZ;STLZ;1;Directed
ADNV;BARR;1;Directed
VESS;AGR;2;Directed
PINM;FOCO;4;Directed
PIV;GLV;3;Directed
VL;CMR;2;Directed
FS;TAZ;1;Directed
HMCH;CHV;1;Directed
CPL;LGCL;1;Directed
PTLH;OLB;1;Directed
MSB;BRG;1;Directed
ZIND;ANV;1;Directed
EDM;MTP;3;Directed
FGTR;PLG;1;Directed
EDRG;FVLH;5;Directed
SJBC;SJB;3;Directed
LRD;ALX;2;Directed
RBSS;SDP;7;Directed
BELA;RCD;1;Directed
NAT;CVI;4;Directed
BRRS;STJ;4;Directed
VFM;CSP;4;Directed
MTD;ALDN;1;Directed
CRJ;PCRJ;1;Directed
ZOID;ASZ;1;Directed
VRD;JAE;1;Directed
LUCM;LAGE;1;Directed
FRCL;FRC;1;Directed
PRMR;MJP;5;Directed
E10;VAL;2;Directed
PEDR;JFPD;1;Directed
CSBV;MRS;4;Directed
TIM;CQ1;2;Directed
BARO;IGAL;1;Directed
MATC;GOA;4;Directed
CONT;AZC;2;Directed
PRMV;PNHL;1;Directed
PAME;PSEC;2;Directed
OLVR;ADNV;1;Directed
MPN;PRMV;1;Directed
SRD;EMZ;3;Directed
NOC;BS;1;Directed
SOCR;CVI;1;Directed
VIVA;GUD;1;Directed
SR;TPT;8;Directed
FNTE;STNH;1;Directed
BFTM;REV;1;Directed
GGC;RGLE;3;Directed
MAVO;GTN;1;Directed
PDR;VALC;3;Directed
AEPT;BRRO;1;Directed
BCM;BVBR;1;Directed
BRSL;STLZ;1;Directed
RFL;RTV;1;Directed
FLO;MTD;1;Directed
PCRJ;CRJ;1;Directed
BRRS;CF;4;Directed
ELVG;PLU;4;Directed
PT;PG;3;Directed
ALD;PFMA;2;Directed
BCM;BVCM;2;Directed
R5;R7N;1;Directed
BVLB;GNOR;2;Directed
OLIV;MRL;1;Directed
CRT;ESCL;6;Directed
PAV;CLVR;4;Directed
GCRT;TRD;2;Directed
MTB;CSXS;3;Directed
FRR;CRR;3;Directed
PTDM;ALM;1;Directed
ICPU;VINH;2;Directed
CORD;AL;4;Directed
CFER;25AB;2;Directed
FRC;FRCL;1;Directed
VN;PCT;1;Directed
RTP;EBSR;3;Directed
C24A;BFM;7;Directed
GAZ;CDPD;1;Directed
PGON;CRTO;2;Directed
RIGR;ERMI;3;Directed
MLH;FCH;2;Directed
AEPT;PRU;3;Directed
VLRA;BRBQ;1;Directed
QSEC;PREA;3;Directed
ALVS;BAR;1;Directed
QCM;RNSG;1;Directed
TFL;RFL;1;Directed
PRS;AGN;2;Directed
LDD;PREC;2;Directed
STLZ;QTM;1;Directed
VFR;FAP;2;Directed
GGT;CHAS;4;Directed
FRA;PRU;1;Directed
BS;GONS;1;Directed
PP;1ASL;1;Directed
JLS;VLG;1;Directed
FRXI;ROR;1;Directed
CRM;IRM;2;Directed
CSXS;FGT;3;Directed
HMGL;LDSM;1;Directed
HSPH;QSEC;3;Directed
SA;PFTT;1;Directed
ISEP;UC;1;Directed
CV;ACV;1;Directed
FIG;CVA;3;Directed
PLG;CSX;1;Directed
URBP;1URBP;1;Directed
PCN;MAVO;1;Directed
ASOT;INFS;4;Directed
GNDV;TPI;1;Directed
SDMC;SER;1;Directed
PSP;IMAI;2;Directed
CTSS;CBN;3;Directed
LGM;AEC;2;Directed
PLU;ELVG;4;Directed
MV;SALM;2;Directed
PFMA;ALD;1;Directed
RCD;BELA;1;Directed
RNSG;QCM;1;Directed
ALT;AMRQ;1;Directed
ZIND;ESTR;2;Directed
AZC;HMGL;1;Directed
FZL;APDL;1;Directed
OLV;31JA;1;Directed
PDAM;GUFS;2;Directed
PNG;BCP;1;Directed
SI;ESCN;1;Directed
ALDN;GUAR;1;Directed
RUL;SRP;2;Directed
ALMG;MTES;1;Directed
RSH;SP;2;Directed
RSUL;RBX;2;Directed
25A;CGG;2;Directed
AZC;LDD;1;Directed
CDR;R5;1;Directed
PDEH;PCAR;1;Directed
CUSF;CUS;2;Directed
SLZ;PDR;1;Directed
VINH;ICPU;2;Directed
CHAS;NOC;6;Directed
PLIM;COMB;4;Directed
PT;TRR;3;Directed
BH;C30;3;Directed
AZV;LGT;2;Directed
MTES;ABMG;1;Directed
DC;IANT;1;Directed
SCC;BGJ;1;Directed
MS;RBR;4;Directed
PRDJ;PRFL;4;Directed
1STCT;TPR;1;Directed
ACN;FG;1;Directed
CORI;CCOR;5;Directed
MED;CN;1;Directed
CMIC;ICDF;3;Directed
TPM;FTCC;1;Directed
DPV;SMAI;2;Directed
SMM;LARJ;3;Directed
CML;MSHP;3;Directed
FRN;GLV;1;Directed
DAC;CV;5;Directed
HMBC;LCP;1;Directed
COMB;PLIM;4;Directed
DCAS;MPL;3;Directed
PNG;JD;1;Directed
VLN;ALCF;1;Directed
GUFE;FLO;1;Directed
CRT;CHOL;6;Directed
MRDR;PCAR;1;Directed
PSP;RBSS;1;Directed
ABM;BRP;1;Directed
SJBC;ABSS;4;Directed
CCOR;CORM;5;Directed
RTNM;25AB;4;Directed
SM;VLR;1;Directed
JM;PLNT;5;Directed
GLV;PIV;3;Directed
DISP;TRBG;3;Directed
AAL;SBNT;4;Directed
CSR;IRM;1;Directed
JQA;FRXI;1;Directed
ERMD;RGNG;1;Directed
ALFC;MATI;1;Directed
SDP;FZIN;2;Directed
BRBQ;ACAR;1;Directed
ISS;CAB;2;Directed
MATC;CRV;3;Directed
VTO;CMO;1;Directed
PDM;MMAI;1;Directed
ALXH;ALF;1;Directed
AZV;TVA;1;Directed
HG;GENT;2;Directed
CSSH;LND;1;Directed
COVH;BH;3;Directed
FSTO;FALC;6;Directed
PLG;FGTR;2;Directed
CRPO;FRN;5;Directed
STC;FLU;2;Directed
ISRH;PAP;1;Directed
STL;MGDE;2;Directed
VAL;LEIR;1;Directed
ACDR;BRC;1;Directed
ALVT;UFP;1;Directed
RMT;QBV;4;Directed
JAE;ARNH;1;Directed
TVG;RLC;3;Directed
DC;SVT;1;Directed
MTCR;GODS;2;Directed
VRM;ANTZ;1;Directed
SRLZ;PING;3;Directed
FRGO;SAN;1;Directed
APRD;CMSM;4;Directed
SXO;RGD;3;Directed
ACN;CONS;1;Directed
ABMG;MTES;1;Directed
JFPD;PDB;1;Directed
SDMC;RGDI;1;Directed
DAM;MTT;1;Directed
TPG;MSB;1;Directed
PSG;VNFZ;1;Directed
RCON;ANT;4;Directed
EQ;RST;1;Directed
BARC;JFB;1;Directed
FBC;VLC;3;Directed
INF;ALFG;1;Directed
PCC;BFM;1;Directed
AAL;GGF;2;Directed
CRR;PTHS;3;Directed
PCUA;AM;5;Directed
MCB;DJM;2;Directed
PMEL;RCD;1;Directed
RCA;FEL;3;Directed
QTC;LAPA;1;Directed
JQA;BAR;1;Directed
TNG;HUMB;2;Directed
AGM;APT;1;Directed
FCR;FOR;1;Directed
CF;BRRS;4;Directed
CSXN;PLG;3;Directed
VESS;RARR;2;Directed
CN;MED;1;Directed
