Weight;Source;Target;Type
1;R.GONÇALO MENDES MAIA;R.GONÇALO MENDES MAIA;Directed
1;R.PADRE LUÍS CAMPOS;R.ANTÓNIO MARQUES;Directed
1;R.MARQUÊS SÁ BANDEIRA;AV.REPÚBLICA;Directed
1;R.AUGUSTO MARTINS;AV.ASSOC.EMP.DE PORTUGAL;Directed
2;R.VESSADA;R.AGRA;Directed
5;R.DR.SEVERIANO;R.DR.SEVERIANO;Directed
1;R.TRINDADE;AV.FRANÇA;Directed
8;R.PASSEIO ALEGRE;R.PASSEIO ALEGRE;Directed
2;R.SOBREIRO;R.SOBREIRO;Directed
1;R.MARECHAL SALDANHA;R.MOLHE;Directed
2;AV.RAMOS PINTO;LGO.MIGUEL BOMBARDA;Directed
2;R.BONJÓIA;R.BONJÓIA;Directed
1;R.BOLHÃO;R.TRINDADE;Directed
1;VIA DE ARDEGÃES;R.DR.JOAQUIM NOGUEIRA SANTOS;Directed
2;R.DR.MAGALHÃES LEMOS;R.ELISIO DE MELO;Directed
6;R.FORMOSA;R.BONFIM;Directed
7;R.S.BRÁS;R.S.BRÁS;Directed
2;R.PONTE MOREIRA;R.CONS.LUÍS MAGALHÃES;Directed
2;R.N.SRA.FATIMA;R.BARREIRO;Directed
2;R.PONTE MOREIRA;R.PONTE MOREIRA;Directed
1;R.GEN.HUMBERTO DELGADO;R.FORMIGA;Directed
1;R.ENG.FERREIRA DIAS;R.DELFIM FERREIRA;Directed
1;R.BERNARDO SANTARENO;ESTR.CIRCUNVALAÇÃO;Directed
2;R.LIONESA;R.LIONESA;Directed
1;VIA PANORÂMICA EDGAR CARDOSO;R.CAMPO ALEGRE;Directed
3;R.ALEXANDRE HERCULANO;VL9;Directed
1;R.PRELADA;R.CASTELOS;Directed
3;R.CONCEIÇÃO FERNANDES;R.SOARES REIS;Directed
3;AV.5 OUTUBRO;PR.MACHADO SANTOS;Directed
3;R.AUGUSTO SIMÕES;AV.ANTÓNIO SANTOS LEITE;Directed
2;R.CONDOMINHAS;R.ALEIXO MOTA;Directed
20;AV.REPÚBLICA;AV.REPÚBLICA;Directed
1;AV.DR.ANTUNES GUIMARÃES;ESTR.N.107;Directed
1;R.PROF.ALVARO RODRIGUES;R.SOEIRO MENDES;Directed
2;AV.REPÚBLICA;R.CONS.VELOSO CRUZ;Directed
126;R.D.AFONSO HENRIQUES;R.D.AFONSO HENRIQUES;Directed
1;R.LOUREIRO;R.ALDEIA NOVA;Directed
3;AV.D.AFONSO HENRIQUES;R.1 DE MAIO;Directed
8;AV.DR.ANTUNES GUIMARÃES;AV.DR.ANTUNES GUIMARÃES;Directed
2;R.5;R.5;Directed
1;R.5;R.1;Directed
1;R.ENG.DUARTE PACHECO;R.DOMINGOS BARREIROS TOMÉ;Directed
1;R.CARVALHA DE BAIXO;AV.CARVALHA;Directed
1;R.MOALDE;R.PADRE COSTA;Directed
1;R.CINCO OUTUBRO;R.AGRA;Directed
1;R.PADRE COSTA;R.ARROTEIA;Directed
1;R.FEZ;R.ANTÓNIO GALVÃO;Directed
4;R.1 DE MAIO;R.ALFREDO CUNHA;Directed
3;R.D.ANTÓNIO CASTRO MEIRELES;R.IGREJA;Directed
14;R.OLIVEIRA MONTEIRO;R.OLIVEIRA MONTEIRO;Directed
3;AV.VILLAGARCIA AROSA;R.DR.EDUARDO TORRES;Directed
3;R.NATÁRIA;R.S.DINIS;Directed
2;R.BARÃO CORVO;R.LEOTE REGO;Directed
1;AV.ANT.DOMINGUES SANTOS;AV.CALOUSTE GULBENKIAM;Directed
2;R.DR.OLIVEIRA LOBO;R.DR.OLIVEIRA LOBO;Directed
1;AV.GUSTAVO EIFFEL;TÚNEL RIBEIRA;Directed
1;R.5 OUTUBRO;R.PINHEIRO;Directed
1;R.S.VICENTE;R.1 MAIO (N 105);Directed
2;R.SRA.DA HORA;LGO.S.PEDRO CAMPANHÃ;Directed
1;R.S.GENS;R.MONTE MINA;Directed
1;R.SARMENTO BEIRES;R.CASTELOS;Directed
1;R.JORNAL NOTÍCIAS;R.N.SRA. DA SILVA;Directed
4;AV.ALIADOS;PR.GUILHERME GOMES FERNANDES;Directed
6;R.ARQUITETO CASSIANO BARBOSA;R.ARQUITETO CASSIANO BARBOSA;Directed
1;R.PROF.BONFIM BARREIROS;AV.FERNÃO MAGALHAES;Directed
1;R.CONS.LUÍS MAGALHÃES;R.CORONEL CARLOS MOREIRA;Directed
1;R.ALFREDO CUNHA;R.SENDIM;Directed
36;R.DIOGO BOTELHO;R.DIOGO BOTELHO;Directed
1;R.HÍNTZE RIBEIRO;AV.LIBERDADE;Directed
3;R.S.DINIS;R.NATÁRIA;Directed
18;R.GUERRA JUNQUEIRO;R.GUERRA JUNQUEIRO;Directed
1;R.CENTRAL ARDEGÃES;R.ARREGADAS;Directed
1;R.FRANCOS;R.PRELADA;Directed
1;R.CABEDA;R.D.AFONSO HENRIQUES;Directed
2;R.ESCOLA MANINHO;PRACETA OLIVEIRAS;Directed
1;LGO.AVIADORES;R.GEN.TORRES;Directed
1;R.SRA.LUZ;AV.BRASIL;Directed
3;R.D.AFONSO HENRIQUES;R.ELIAS GARCIA;Directed
1;R.PADRE DIAMANTINO;R.DE MARIA LAMAS;Directed
1;AV.FLORES;R.ARCO;Directed
1;AV.ASSOC.EMP.DE PORTUGAL;R.CONDE COVILHÃ;Directed
1;R.FORMIGA;R.GEN.HUMBERTO DELGADO;Directed
1;R.REGADIO;R.SENDIM;Directed
1;AV.ANTÓNIO SANTOS LEITE;R.LAGE;Directed
1;R.J.ALVES SILVA;R.SILVA AROSO;Directed
2;AV.RAMOS PINTO;R.REI RAMIRO;Directed
4;R.PEDRO HISPANO;R.5 OUTUBRO;Directed
1;R.DIREITA VISO;R.FERREIRA CASTRO;Directed
1;R.D.AFONSO HENRIQUES;AV.LIDADOR MAIA;Directed
2;PRACETA HEROIS ULTRAMAR;AV.GEN.HUMBERTO DELGADO;Directed
1;R.ENG.FARINAS ALMEIDA;R.ANTÓNIO MANUEL SEQUEIRA;Directed
3;R.GUERRA JUNQUEIRO;PRACETA HEROIS ULTRAMAR;Directed
2;R.BOLAMA;R.BOLAMA;Directed
1;R.PADRE DIAMANTINO;AV.CIDADE XANGAI;Directed
1;R.IGREJA PARANHOS;R.COVÊLO;Directed
1;R.ILHA S.MIGUEL;R.ELIAS GARCIA;Directed
1;R.MEDANCELHE;R.DR.MÁRIO CAL BRANDÃO;Directed
10;R.GONDARÉM;R.GONDARÉM;Directed
3;PR.REPÚBLICA;R.CAMÕES;Directed
1;ESTR.N.107-FREIXIEIRO;ESTR.N.107-FREIXIEIRO;Directed
2;R.EDUARDO J.R.FIGUEIRA;R.EDUARDO J.R.FIGUEIRA;Directed
1;R.JORGE DIAS;AV.BEIRA MAR;Directed
32;R.CAMPO ALEGRE;R.CAMPO ALEGRE;Directed
1;R.PADRE DEHON;R.ESTEVES;Directed
4;R.DR.ROBERTO FRIAS;ESTR.CIRCUNVALAÇÃO;Directed
2;R.MEIRAL;TV.OUTEIRO TINE;Directed
12;R.MANUEL GONÇALVES LAGE;R.MANUEL GONÇALVES LAGE;Directed
6;AV.ENG.LUDGERO MARQUES;AV.ENG.LUDGERO MARQUES;Directed
7;AV.ANTUNES GUIMARÃES;AV.ANTUNES GUIMARÃES;Directed
2;VIA ACESSO CONTINENTE;R.DR.EDUARDO TORRES;Directed
1;AV.MENERES;AV.REPÚBLICA;Directed
1;R.LOMBA;R.GATÕES;Directed
2;R.JUSTINO TEIXEIRA;R.PADRE ANTÓNIO VIEIRA;Directed
1;R.CONDE AVRANCHES;R.TELHEIRA;Directed
3;R.AGRA;R.PONTE PARADA;Directed
1;R.ENG.CARLOS AMARANTE;R.AMIAL;Directed
1;AV.COMBATENTES G.GUERRA;R.SOL POENTE;Directed
6;AV.INFANTE D.HENRIQUE;AV.NUNO ÁLVARES;Directed
1;LGO.PRIORADO;R.CEDOFEITA;Directed
2;R.DR.ALFREDO MAGALHÃES;R.FARIA GUIMARÃES;Directed
1;R.HENRIQUE BRAVO;R.MANUEL GONÇALVES LAGE;Directed
1;R.SENHOR;AV.MANUEL PINTO AZEVEDO;Directed
4;R.CRUZ GUARDEIRAS;R.CRUZ GUARDEIRAS;Directed
1;R.LAGOA;AV.VASCO GAMA;Directed
1;R.ANTÓNIO CÂNDIDO;R.ANTÓNIO CÂNDIDO;Directed
1;R.BOLAMA;TV.ÁLVARO CASTELÕES;Directed
1;R.ALBERTO AIRES GOUVEIA;R.RESTAURAÇÃO;Directed
1;AV.CIDADE XANGAI;R.PADRE DIAMANTINO;Directed
1;R.DR.OLIVEIRA LOBO;AV.CARVALHA;Directed
6;R.ESCOLAS;R.DR.JOSÉ A.MARQUES;Directed
1;AV.ENG.DUARTE PACHECO;AV.LIDADOR MAIA;Directed
1;R.5 OUTUBRO;PR.MOUZINHO ALBUQUERQUE;Directed
1;AV.LIDADOR MAIA;AV.JOAO DEUS;Directed
1;R.TAIPAS;C.MÁRTIRES PÁTRIA;Directed
1;AV.DR.FRANCISCO SÁ CARNEIRO;R.ESTRADA NOVA;Directed
2;AV.VISCONDE BARREIROS;PR.MUNICÍPIO;Directed
1;PR.LIBERDADE;PR.ALMEIDA GARRETT;Directed
2;VIA ESTRUTURANTE DE CRESTINS;R.PONTE MOREIRA;Directed
1;AV.COMERCIO  LEIXÕES;R.ÁLVARO CASTELÕES;Directed
1;AV.BOAVISTA;PR.GONÇALVES ZARCO;Directed
1;R.ALFREDO KEIL;R.JOÃO DE BARROS;Directed
28;AV.D.JOAO I;AV.D.JOAO I;Directed
2;R.AFONSO ALBUQUERQUE;AV.MARECHAL GOMES COSTA;Directed
4;R.ENTRE MUROS;AV.GOMES JUNIOR;Directed
2;AV.GEN.HUMBERTO DELGADO;PRACETA HEROIS ULTRAMAR;Directed
1;R.JOÃO RODRIGUES CABRILHO;R.GIL EANES;Directed
1;R.5 OUTUBRO;R.HENRIQUE BARROS;Directed
8;R.S.TOMÉ;R.S.TOMÉ;Directed
1;R.PONTE PEDRA;R.SANTOS DIAS;Directed
1;R.NOVA REGADO;TV.BICA VELHA;Directed
3;R.ALBERTO AIRES GOUVEIA;R.DR.FERREIRA SILVA;Directed
1;R.SERRALVES;R.PINTOR ANTÓNIO CRUZ;Directed
1;R.MARTIM MONIZ;R.VILARINHA;Directed
3;AV.FERNÃO MAGALHAES;R.CARLOS MALHEIRO DIAS;Directed
1;R.HENRIQUE BRAVO;R.LARANJEIRAS;Directed
9;AV.25 ABRIL;AV.25 ABRIL;Directed
2;R.ALEGRIA;R.CONSTITUIÇÃO;Directed
4;R.PASSOS MANUEL;R.PASSOS MANUEL;Directed
1;R.SAGRES;AV.BOAVISTA;Directed
1;AV.LIDADOR MAIA;R.D.AFONSO HENRIQUES;Directed
5;R.ESTEVES;R.ESTEVES;Directed
2;R.ROSÁRIO;R.ANÍBAL CUNHA;Directed
1;R.HÍNTZE RIBEIRO;R.HÍNTZE RIBEIRO;Directed
1;AV.CARVALHA;R.CARVALHA DE BAIXO;Directed
2;R.SERPA PINTO;R.N.SRA FÁTIMA;Directed
1;LGO.SOUTO;R.CÂNDIDO REIS;Directed
4;R.SOARES REIS;R.MARQUÊS SÁ BANDEIRA;Directed
1;AV.ANTÓNIO COELHO MOREIRA;R.MANUEL M.COSTA JÚNIOR;Directed
4;R.HEROÍSMO;R.HEROÍSMO;Directed
1;R.PASSEIO ALEGRE;R.SOBREIRAS;Directed
2;R.NOVA SANTEGÃOS;R.NOVA SANTEGÃOS;Directed
1;R.CLUBE CAÇADORES;R.D.AFONSO II;Directed
1;R.DOMINGOS BONTEMPO;R.GONDIVAI;Directed
3;R.CABEDA;R.CABEDA;Directed
2;R.VILAR;R.D.PEDRO V;Directed
2;R.AZEVÊDO;ESTR.CIRCUNVALAÇÃO;Directed
1;R.CEGONHEIRA;R.JACINTOS;Directed
1;R.DELFIM FERREIRA;R.DR.AIRES GOUVEIA OSÓRIO;Directed
8;ALAM.DAS ANTAS;ALAM.DAS ANTAS;Directed
5;R.DR.SEVERIANO;PRACETA HEROIS ULTRAMAR;Directed
1;R.FEZ;R.MOLHE;Directed
4;R.GODINHO FARIA;R.SILVA BRINCO;Directed
1;AV.FRANÇA;R.SOUSA PINTO;Directed
1;R.BOA HORA;R.PONTE DO CARRO;Directed
1;R.FERNÃO LOPES;AV.GIL VICENTE;Directed
2;R.SOEIRO MENDES;R.ALVARO RODRIGUES;Directed
1;R.DR.FARINHOTE;R.CRUZ GUARDEIRAS;Directed
7;CASA DA MÚSICA;AV.FRANÇA;Directed
6;R.CÂNDIDO REIS;R.CÂNDIDO REIS;Directed
1;R.JOÃO VIEIRA;R.NOVA SANTEGÃOS;Directed
2;R.SOARES REIS;R.CONCEIÇÃO FERNANDES;Directed
1;R.ALMEIRIGA NORTE;R.OCIDENTAL;Directed
2;R.ENG.FARINAS ALMEIDA;LGO.COVILHÃ;Directed
1;R.GAMA BARROS;R.BUÇACO;Directed
1;R.ELIAS GARCIA;R.D.ANTÓNIO CASTRO MEIRELES;Directed
1;R.SOBREIRAS;R.SOBREIRAS;Directed
14;R.BARÃO CORVO;R.BARÃO CORVO;Directed
1;AV.ANT.MACEDO;R.VELOSO SALGADO;Directed
1;PR.GONÇALVES ZARCO;AV.BOAVISTA;Directed
1;R.LATINO COELHO;R.SANTOS POUSADA;Directed
1;AV.ENG.DUARTE PACHECO;R.ÁLVARO CASTELÕES;Directed
2;R.CLEMENTE MENERES;R.ROSÁRIO;Directed
1;R.CONDE ALTO MEARIM;R.1 DE MAIO;Directed
13;AV.5 OUTUBRO;AV.5 OUTUBRO;Directed
3;R.SOUSA AROSO;R.SOUSA AROSO;Directed
1;TV.31 JANEIRO;R.ORIENTAL;Directed
2;R.CONDE COVILHÃ;AV.ANTUNES GUIMARÃES;Directed
1;R.TOURAIS;LGO.PADRE JOAQUIM SANTOS;Directed
4;AV.5 OUTUBRO;AV.25 ABRIL;Directed
1;PR.BATALHA;R.SANTA CATARINA;Directed
2;R.DIOGO BOTELHO;R.PAULO GAMA;Directed
1;AV.DR.FRANCISCO SÁ CARNEIRO;AV.DA CONDUTA;Directed
16;R.SOARES REIS;R.SOARES REIS;Directed
10;AV.VILLAGARCIA AROSA;AV.VILLAGARCIA AROSA;Directed
1;R.PADRE LUÍS CAMPOS;R.S.ROMÃO VERMOIM;Directed
1;URB.JOSÉ DOMINGUES POÇAS;R.LOUREIRO;Directed
5;R.VASCO GAMA;R.RIBEIRO CAMBADO;Directed
1;AV.VASCO GAMA;R.SOBREIRO;Directed
1;R.SENHOR;R.JERÓNIMO AZEVEDO;Directed
1;R.RODELO;R.PENA;Directed
2;R.S.DINIS;R.ANTÓNIO CÂNDIDO;Directed
1;R.MONTE MINA;R.5 OUTUBRO;Directed
2;R.OLIVEIRA GAIO;R.ASPRELA;Directed
2;R.CÂNDIDA SÁ ALBERGARIA;R.CÊRCA;Directed
1;R.FREIXO;R.ESTAÇÃO;Directed
2;R.BRITO CAPELO;R.DAMIÃO GÓIS;Directed
1;R.JACINTOS;R.ALTINO COELHO;Directed
2;AV.COMERCIO  LEIXÕES;AV.COMERCIO  LEIXÕES;Directed
1;URB.VILA D''ESTE;VILA D''ESTE;Directed
1;R.BÉLGICA;R.JORGE DIAS;Directed
3;PR.LIÉGE;R.MARECHAL SALDANHA;Directed
2;R.FEZ;R.SAGRES;Directed
1;R.MEIRAL;R.ESTEVES;Directed
3;R.ARROTEIA;R.ARROTEIA;Directed
1;R.CONDE COVILHÃ;R.CONDE COVILHÃ;Directed
2;R.ASPRELA;ESTR.CIRCUNVALAÇÃO;Directed
2;AV.DESCOBRIMENTOS;R.D.HENRIQUE CERNACHE;Directed
3;R.AZEVÊDO;R.AZEVÊDO;Directed
1;R.SIMÕES LOPES;R.CENTRAL ARDEGÃES;Directed
1;AV.DOS SANATÓRIOS;AV.INFANTE SAGRES;Directed
1;TV.NOVA DA GIESTA;R.ANTÓNIO SIMÕES;Directed
1;R.ROÇADAS;AV.FONTES PEREIRA MELO;Directed
2;R.RIBEIRO CAMBADO;R.CONDE FERREIRA;Directed
2;R.HEROÍSMO;R.FREIXO;Directed
1;R.D.PEDRO V;R.BOM SUCESSO;Directed
3;R.IGREJA;R.ELIAS GARCIA;Directed
2;R.PADRE COSTA;R.OLIVEIRA GAIO;Directed
1;LGO.S.SEBASTIÃO;R.FREI DIOGO MELO PEREIRA;Directed
2;R.CUSTIÓ;R.ARAÚJO;Directed
1;R.PORTO MOURO;R.MONTE PIPOS;Directed
1;R.ANTÓNIO CARDOSO;R.CAMPO ALEGRE;Directed
2;R.ARROTEIA;R.VESSADA;Directed
1;R.PROF.MOTA PINTO;R.S.JOÃO BRITO;Directed
1;R.PEDRO HISPANO;R.DR.ALFREDO MAGALHÃES;Directed
1;R.CRUZES;R.DR.AIRES GOUVEIA OSÓRIO;Directed
1;R.PASSEIO ALEGRE;LGO.ANTÓNIO CÁLEM;Directed
1;RUA Nº.1;ESTR.CIRCUNVALAÇÃO;Directed
1;R.1 MAIO (N 105);R.PASSARIAS;Directed
1;R.LOURINHA;TV.ESTAÇÃO;Directed
2;R.D.AFONSO HENRIQUES;R.JÚLIO DINIS;Directed
1;R.DIOGO CÃO;AV.COMBATENTES G.GUERRA;Directed
2;R.GONÇALVES ZARCO;R.GONÇALVES ZARCO;Directed
2;PRACETA OLIVEIRAS;R.BARREIRO;Directed
3;R.GUERRA JUNQUEIRO;R.D.AMÉLIA M.ALVES;Directed
2;PR.ESTAÇÃO;PR.ESTAÇÃO;Directed
1;R.JOSÉ LUIS ARAÚJO;TV.CAVADA NOVA;Directed
1;R.CLUBE CAÇADORES;R.CLUBE CAÇADORES;Directed
3;R.MANUEL GONÇALVES LAGE;R.PONTE PARADA;Directed
2;R.D.AFONSO HENRIQUES;R.ANT.FELICIANO CASTILHO;Directed
1;R.QUATRO CAMINHOS;AV.FABRIL NORTE;Directed
4;R.DR.DOMINGOS MATOS;R.DR.DOMINGOS MATOS;Directed
4;R.JORGE FERREIRINHA;R.JORGE FERREIRINHA;Directed
1;R.N.SRA. DA SILVA;R.MARTIM MONIZ;Directed
1;R.IGREJA MADALENA;URB.JOSÉ DOMINGUES POÇAS;Directed
1;R.GONÇALVES ZARCO;R.CIDRES;Directed
1;R.GONÇALO CRISTÓVÃO;R.STA.CATARINA;Directed
1;ESTR.CIRCUNVALAÇÃO;R.BONJÓIA;Directed
1;R.ANTÓNIO SIMÕES;AV.N.SRA.NATIVIDADE;Directed
3;R.STA.CATARINA;R.BOLHÃO;Directed
3;R.VASCO GAMA;R.D.JOÃO CASTRO;Directed
3;R.VASCO GAMA;R.5 OUTUBRO;Directed
2;AV.VASCO GAMA;R.DR.AIRES GOUVEIA OSÓRIO;Directed
1;PR.MARQUÊS POMBAL;R.CONSTITUIÇÃO;Directed
2;R.CEGONHAS;R.CEGONHAS;Directed
1;R.SANTOS POUSADA;C.24 AGOSTO;Directed
1;URB.JOSÉ DOMINGUES POÇAS;LGO.CABINE;Directed
2;R.GODINHO;R.GODINHO;Directed
2;R.CONCEIÇÃO FERNANDES;R.HERÓIS DO ULTRAMAR;Directed
2;AV.N.SRA.NATIVIDADE;AV.N.SRA.NATIVIDADE;Directed
3;R.AFONSO ALBUQUERQUE;R.PEDRO ÁLVARES CABRAL;Directed
1;R.PÁDUA CORREIA;R.BARROSA;Directed
4;AV.MONTEVIDEU;PR.GONÇALVES ZARCO;Directed
3;R.PROF.MOTA PINTO;R.PINHEIRO MANSO;Directed
1;R.VASCO GAMA;R.JOSÉ JOAQUIM R.TELES;Directed
16;R.5 OUTUBRO;R.5 OUTUBRO;Directed
1;R.GONÇALO SAMPAIO;R.GÓLGOTA;Directed
1;R.CERRO;R.ALTO CHAQUEDAS;Directed
6;R.ARREGADAS;R.ARREGADAS;Directed
1;AV.SALGADO ZENHA;AV.CALOUSTE GULBENKIAM;Directed
2;R.CIDRES;R.GONÇALVES ZARCO;Directed
2;R.ARROTEIA;R.CONCHAS;Directed
5;AV.D.JOAO I;R.AFONSO ALBUQUERQUE;Directed
1;R.VILAR;R.ELIAS GARCIA;Directed
6;R. AREIAS;R. AREIAS;Directed
1;R.MARTIM MONIZ;R.JORNAL NOTÍCIAS;Directed
1;R.ANTERO QUENTAL;R.PINHEIRO;Directed
1;R.ELIAS GARCIA;R.ILHA S.MIGUEL;Directed
1;R.D.AFONSO HENRIQUES;R.GEN.HUMBERTO DELGADO;Directed
1;AV.FABRIL NORTE;AV.FABRIL NORTE;Directed
1;R.HEROÍSMO;R.PADRE ANTÓNIO VIEIRA;Directed
1;PR.CARLOS ALBERTO;R.GEN.SILVEIRA;Directed
3;R.FONTE VELHA;R.NOVA SEIXO;Directed
4;PR.GONÇALVES ZARCO;AV.MONTEVIDEU;Directed
1;R.NOVA SANTEGÃOS;R.RESTAURAÇÃO;Directed
1;R.N.SRA.BOM DESPACHO;R.PADRE JOSÉ P.DUARTE;Directed
1;R.ANT.BERNARDINO ALMEIDA;NOVO ARRUAMENTO;Directed
2;R.CONDOMINHAS;R.CAMPO ALEGRE;Directed
1;NOVO ARRUAMENTO;R.LIONESA;Directed
1;R.ESTAÇÃO;R.PADRE ANTÓNIO VIEIRA;Directed
1;ESTR.CIRCUNVALAÇÃO;AV.N.SRA.NATIVIDADE;Directed
3;R.5 OUTUBRO;R.D.ANTÓNIO CASTRO MEIRELES;Directed
1;R.CORONEL RAÚL PERES;R.SRA.LUZ;Directed
2;R.HEROÍSMO;AV.RODRIGUES FREITAS;Directed
1;R.ASSUNÇÃO;PR.LIBERDADE;Directed
1;R.BARTOLOMEU VELHO;R.JOÃO DE BARROS;Directed
1;R.ALTO CHAQUEDAS;R.RODELO;Directed
1;R.BUÇACO;R.CONDE CASTELO MELHOR;Directed
4;R.CAMPO ALEGRE;PR.GALIZA;Directed
4;R.MAÍNÇA;R.MAÍNÇA;Directed
1;R.MONSANTO;R.NOVA REGADO;Directed
1;R.COVÊLO;R.LIMA JÚNIOR;Directed
1;AV.D.MARIA II;R.BERNARDO SANTARENO;Directed
3;R.DAMIÃO GÓIS;R.JOÃO PEDRO RIBEIRO;Directed
1;R.MIOSÓTIS;R.MIOSÓTIS;Directed
8;R.GONDIVAI;R.GONDIVAI;Directed
2;R.BARÃO CORVO;AV.ENG.LUDGERO MARQUES;Directed
51;R.S.ROQUE LAMEIRA;R.S.ROQUE LAMEIRA;Directed
5;AV.25 ABRIL;TV.FONTE VELHA;Directed
2;R.TOURAIS;R.TOURAIS;Directed
2;R.GEN.TORRES;TÚNEL RIBEIRA;Directed
1;R.JOÃO REGRAS;AV.SIDÓNIO PAIS;Directed
3;R.SÁ BANDEIRA;R.SÁ BANDEIRA;Directed
1;R.SOUSA PINTO;R.MONSANTO;Directed
1;R.MARINHA;R.IGREJA MADALENA;Directed
4;R.INFANTE D.HENRIQUE;R.MOUZINHO SILVEIRA;Directed
1;R.PADRE ANTÓNIO VIEIRA;R.JUSTINO TEIXEIRA;Directed
2;R.RECAREI;R.GONDIVAI;Directed
1;R.ÁLVARO CASTELÕES;R.AUGUSTO LESSA;Directed
1;NOVO ARRUAMENTO;R.GONDIVAI;Directed
3;R.P. ABÍLIO SAMPAIO;R.P. ABÍLIO SAMPAIO;Directed
6;R.5 OUTUBRO;CASA DA MÚSICA;Directed
3;LGO.PRIORADO;R.ÁLVARES CABRAL;Directed
6;LGO.MONTINHO;R.TENENTE VALADIM;Directed
1;R.SRA.PENHA;AV.MANUEL PINTO AZEVEDO;Directed
1;R.CONDE AVRANCHES;R.S.TOMÉ;Directed
1;R.PÁDUA CORREIA;R.GEN.TORRES;Directed
1;R.FREIXO;ESTR.CIRCUNVALAÇÃO;Directed
1;R.1;R.CRUZ GUARDEIRAS;Directed
1;AV.SIDÓNIO PAIS;AV.ANTÓNIO SANTOS LEITE;Directed
3;AV.LIBERDADE;AV.LIBERDADE;Directed
3;R.MANUEL J.FERNANDES SANTOS;R.MANUEL J.FERNANDES SANTOS;Directed
3;R.MONTE BURGOS;R.NOVA SEIXO;Directed
1;R.S.GENS;R.AVILHO;Directed
2;R.PAULO GAMA;R.CONDOMINHAS;Directed
1;R.D.AFONSO HENRIQUES;R.1 MAIO (N 105);Directed
2;R.CONDE FERREIRA;R.RIBEIRO CAMBADO;Directed
4;R.VALE FORMOSO;R.AMIAL;Directed
1;AV.LIBERDADE;R.HERÓIS ÁFRICA;Directed
2;R.LEOTE REGO;R.D.HENRIQUE CERNACHE;Directed
4;R.ALEXANDRE HERCULANO;R.CAMILO CASTELO BRANCO;Directed
3;R.GAMA BARROS;R.S.ROQUE LAMEIRA;Directed
1;R.DIONÍSIO SANTOS SILVA;R.IGREJA PARANHOS;Directed
1;R.PINHEIRO MANSO;AV.VASCO GAMA;Directed
1;R.JUSTINO MARQUES;R.31 JANEIRO;Directed
2;R.GUERRA JUNQUEIRO;R.5 OUTUBRO;Directed
5;PRACETA HEROIS ULTRAMAR;R.DR.SEVERIANO;Directed
1;R.LEVADA;R.PEDRO ÁLVARES CABRAL;Directed
1;R.CAMPISMO;R.CAMPISMO;Directed
1;LGO.AVIADORES;R.PINTO MOURÃO FERREIRA;Directed
1;R.CRUZES;R.SÃO JOÃO BOSCO;Directed
1;R.AUGUSTO SIMÕES;AV.ANT.MACEDO;Directed
3;R.CONS.VELOSO CRUZ;R.MARQUÊS SÁ BANDEIRA;Directed
1;R.ANTÓNIO MARQUES;R.DE ALTOS;Directed
1;R.MEDANCELHE;R.MEDANCELHE;Directed
1;R.SOBREIRAS;LGO.ANT.CÁLEM;Directed
4;R.ALTO CHAQUEDAS;R.ALTO CHAQUEDAS;Directed
1;R.REGADIO;R.PAUS;Directed
1;R.ALDEIA NOVA;R.MARINHA;Directed
1;R.GATÕES;R.FERROVIÁRIO;Directed
3;R.AUGUSTO SIMÕES;R.AUGUSTO SIMÕES;Directed
4;R.CAMILO CASTELO BRANCO;R.28 JANEIRO;Directed
1;R.AGRELA;R.GENERAL HUMBERTO DELGADO;Directed
4;R.ARAÚJO;R.ARAÚJO;Directed
2;AV.GEN.HUMBERTO DELGADO;R.COMBATENTES G.GUERRA;Directed
2;R.MACHADO SANTOS;R.BARÃO CORVO;Directed
2;R.ÁLVARES CABRAL;R.CAMÕES;Directed
2;R.VELOSO SALGADO;AV.ANT.MACEDO;Directed
5;R.BONFIM;AV.25 ABRIL;Directed
1;R.S.TOMÉ;R.ANT.BERNARDINO ALMEIDA;Directed
1;R.AUGUSTO SIMÕES;R.SIMÃO BOLIVAR;Directed
2;R.CAP.SALGUEIRO MAIA;URB.VILA D''ESTE;Directed
1;R.DUARTE LOPES;AV.MARECHAL GOMES COSTA;Directed
2;R.JOÃO COUTINHO;R.BORDEAUX;Directed
4;AV.ALIADOS;AV.ALIADOS;Directed
1;R.VALE DOS AMORES;R.ILHAR MOURISCA;Directed
1;R.CORUJEIRAS;R.CORUJEIRAS;Directed
6;AV.BRASIL;AV.BRASIL;Directed
1;R.MONSANTO;R.AMIAL;Directed
1;ESTR.N.107;AV.ASSOC.EMP.DE PORTUGAL;Directed
3;AV.REPÚBLICA;R.RODRIGUES FREITAS;Directed
2;R.ÁLVARO CASTELÕES;R.TOMÁS RIBEIRO;Directed
4;R.ANT.JOSE ALMEIDA;R.ANT.JOSE ALMEIDA;Directed
1;R.TRINDADE;R.GONÇALO CRISTÓVÃO;Directed
1;AV.F.PEREIRA MELO;R.MANUEL PINTO AZEVEDO;Directed
2;R.JOSÉ M.CASTRO PORTUGAL;R.JOSÉ M.CASTRO PORTUGAL;Directed
1;VIA PERIFÉRICA MAIA VERMOIM;R.D.SILVIA ALVES TEIXEIRA;Directed
4;R.GEN.TORRES;R.GEN.TORRES;Directed
6;R.RIBEIRO CAMBADO;R.RIBEIRO CAMBADO;Directed
10;AV.MONTEVIDEU;AV.MONTEVIDEU;Directed
3;R.FORMOSA;C.24 AGOSTO;Directed
2;R.PONTE MOREIRA;VIA ESTRUTURANTE DE CRESTINS;Directed
1;R.N.SRA.BOM DESPACHO;R.CONSELHEIRO COSTA AROSO;Directed
1;R.MAÍNÇA;R.MAINÇA;Directed
3;PR.MACHADO SANTOS;R.ALVES SALDANHA;Directed
1;R.SIMÕES LOPES;VIA DE ARDEGÃES;Directed
1;R.DO FAROL;R.CÊRCA;Directed
1;R.PORTO MOURO;R.LOMBA;Directed
1;R.AREEIROS;R.PRAIA;Directed
2;LGO.IGREJA PARANHOS;R.ANT.BERNARDINO ALMEIDA;Directed
2;AV.MARECHAL GOMES COSTA;PR.IMPÉRIO;Directed
3;R.FERNANDES TOMÁS;R.SÁ BANDEIRA;Directed
2;R.MANUEL PINTO AZEVEDO;AV.F.PEREIRA MELO;Directed
2;R.PASSOS MANUEL;LGO.PADRE JOAQUIM SANTOS;Directed
4;TÚNEL RIBEIRA;LGO.D.LUIS I;Directed
2;R.5 OUTUBRO;R.NOVA S.GEMIL;Directed
1;AV.CARVALHA;R.DR.OLIVEIRA LOBO;Directed
12;R.SILVA BRINCO;R.SILVA BRINCO;Directed
1;R.GATÕES;R.GATÕES;Directed
1;R.CONSELHEIRO COSTA AROSO;R.PADRE JOSÉ P.DUARTE;Directed
2;R.MANUEL LARANJEIRA;R.DR.ROBERTO FRIAS;Directed
1;R.CÂNDIDO REIS;R.MARQUÊS SÁ BANDEIRA;Directed
211;ESTR.CIRCUNVALAÇÃO;ESTR.CIRCUNVALAÇÃO;Directed
1;R. GENERAL JOSÉ VICENTE FREITAS;R.CÂNDIDO REIS;Directed
1;R.VASCO SANTANA;R.QUATRO CAMINHOS;Directed
6;R.VISCONDE DEVESAS;AV.INFANTE D.HENRIQUE;Directed
4;AV.ESCULTORES;VIA ACESSO P.ARRÁBIDA-V.N.GAIA;Directed
1;AV.CONDE;R.HENRIQUE BRAVO;Directed
1;R.DR.JOSÉ A.MARQUES;R.DR.JOSÉ A.MARQUES;Directed
6;R.LOMBA;R.LOMBA;Directed
1;R.PERO ALENQUER;R.GONDARÉM;Directed
2;R.BORDEAUX;AV.F.PEREIRA MELO;Directed
1;R.PÁDUA CORREIA;R.CONS.VELOSO CRUZ;Directed
1;R.CASTELOS;TV.PRELADA;Directed
4;R.ANTÓNIO J.ALMEIDA;R.ANTÓNIO J.ALMEIDA;Directed
5;R.SÁ BANDEIRA;R.FORMOSA;Directed
1;R.ANTÓNIO SIMÕES;R.ANTÓNIO SIMÕES;Directed
1;LGO.CAMPO LINDO;R.CARLOS MAIA;Directed
8;LGO.FERREIRA LAPA;R.JÚLIO DINIS;Directed
1;TV.CALOUSTE GULBENKIAN;R.ACTOR MÁRIO VIEGAS;Directed
1;R.GONDIVAI;R.FRANÇA BORGES;Directed
1;R.PAUS;R.TOURAIS;Directed
7;R.CRASTO;R.CRASTO;Directed
1;PR.ESTAÇÃO;R.DR.MÁRIO CAL BRANDÃO;Directed
3;R.OLIVEIRA MONTEIRO;LGO.PRIORADO;Directed
1;R.MAÍNÇA;R.MOSTEIRO LEÇA;Directed
1;AV.ASSOC.EMP.DE PORTUGAL;R.ENG.FERREIRA DIAS;Directed
1;TV.NOVA DA GIESTA;AV.N.SRA.NATIVIDADE;Directed
1;R.D.MANUEL II;R.CEGONHEIRA;Directed
1;R.BARROS LIMA;R.BARROS LIMA;Directed
1;R.GUERRA JUNQUEIRO;R.ANTÓNIO PATRÍCIO;Directed
1;R.ENG.CARLOS AMARANTE;R.MIOSÓTIS;Directed
1;R.S.ROMÃO VERMOIM;R.PADRE LUÍS CAMPOS;Directed
2;R.CMDTE.QUELHAS LIMA;R.CMDTE.QUELHAS LIMA;Directed
1;R.CÂNDIDO REIS;LGO.SOUTO;Directed
1;R.CRUZ GUARDEIRAS;R.GUARDEIRAS;Directed
1;R.SOUTO CONTUMIL;R.FONTE CONTUMIL;Directed
1;AV.ENG.DUARTE PACHECO;AV.D.AFONSO HENRIQUES;Directed
1;PR.MOUZINHO ALBUQUERQUE;R.OLIVEIRA MONTEIRO;Directed
1;R.CENTRAL FRANCOS;R.DE MARIA LAMAS;Directed
2;R.PAULO GAMA;R.DIOGO BOTELHO;Directed
3;R.CARLOS MALHEIRO DIAS;R.CONSTITUIÇÃO;Directed
4;PR.EXÉRC.LIBERTADOR;R.OLIVEIRA MONTEIRO;Directed
1;R.SENHOR;R.SOBREIRO;Directed
1;R.FARIA GUIMARÃES;R.DR.MANUEL PEREIRA SILVA;Directed
2;R.OURO;ALAM.BASÍLIO TELES;Directed
4;R.MANUEL FERREIRA PINTO;R.MANUEL FERREIRA PINTO;Directed
1;AV.BOAVISTA;AV.ANTUNES GUIMARÃES;Directed
1;AV.NUNO TRISTÃO;AV.FONTES PEREIRA MELO;Directed
1;R.Dr MANUEL FIGUEIREDO;R.AZEVÊDO;Directed
2;AV.CIDADE XANGAI;AV.CIDADE XANGAI;Directed
10;R.CARMO;R.D.MANUEL II;Directed
5;R.CALHEIROS LOBO;R.AUGUSTO GOMES;Directed
2;AV.ANT.MACEDO;R.ANTERO QUENTAL;Directed
4;AV.MENERES;AV.MENERES;Directed
2;ESTR.N.105;R.SIMÕES LOPES;Directed
1;R.BÉLGICA;R.TENENTE VALADIM;Directed
1;R.JORNAL NOTÍCIAS;R.ANGOLA;Directed
1;R.MANUEL M.COSTA JÚNIOR;R.PÁDUA CORREIA;Directed
4;LGO.MONTINHO;R.ALEXANDRE HERCULANO;Directed
3;R.MATAS;R.MATAS;Directed
1;R.LINHARES;R.S.BRÁS;Directed
1;R.PONTE PEDRA;R.PONTE PEDRA;Directed
1;R.PADRE DIAMANTINO GOMES;R.JOÃO COUTINHO;Directed
1;R.ANTÓNIO CÂNDIDO;R.CANTOR ZECA AFONSO;Directed
2;R.TEIXEIRA LOPES;R.TEIXEIRA LOPES;Directed
1;R.JERÓNIMO AZEVEDO;R.SRA.PENHA;Directed
2;R.REI RAMIRO;LGO.MONTINHO;Directed
1;R.ANT.JOSE ALMEIDA;LGO.SOUTO;Directed
1;AV.ALIADOS;CASA DA MÚSICA;Directed
2;AV.DIOGO LEITE;TÚNEL RIBEIRA;Directed
1;R.BOA NOVA;R.PROF.AMADEU SANTOS;Directed
1;R.AUGUSTO SIMÕES;R.5 OUTUBRO;Directed
3;LGO.VENDA NOVA;R.FERNÃO MAGALHÃES;Directed
1;R.AUGUSTO SIMÕES;AV.VISCONDE BARREIROS;Directed
1;R.DR.MÁRIO CAL BRANDÃO;R.ESTRADA NOVA;Directed
1;R.ANTERO QUENTAL;AV.ANT.MACEDO;Directed
1;PR.IMPÉRIO;R.TEATRO;Directed
1;R.PROF.SOUSA JÚNIOR;R.STA.LUZIA;Directed
1;R.JULIÃO SARMENTO;ROT. NATÁLIA CORREIA;Directed
1;AEROPORTO;R.BARREIRO;Directed
2;R.CRUZES;R.PINHEIRO MANSO;Directed
2;R.JOSÉ M.CASTRO PORTUGAL;R.MANUEL M.COSTA JÚNIOR;Directed
4;R.FERNÃO MAGALHÃES;R.FERNÃO MAGALHÃES;Directed
1;TV.ESTAÇÃO;PR.ESTAÇÃO;Directed
2;R.CONCHAS;R.ARROTEIA;Directed
1;R.ANTÓNIO MANUEL SEQUEIRA;R.ENG.FARINAS ALMEIDA;Directed
12;AV.SERPA PINTO;AV.SERPA PINTO;Directed
3;R.SARAIVA DE CARVALHO;R.ALEXANDRE HERCULANO;Directed
1;R.CEDOFEITA;R.BREINER;Directed
1;R.PRELADA;R.NATÁRIA;Directed
6;AV.ENG.DUARTE PACHECO;AV.ENG.DUARTE PACHECO;Directed
1;R.DELFIM MAIA;R.IGREJA PARANHOS;Directed
1;R.ENG.FERNANDO PINTO OLIVEIRA;R.ALBERTO LAURA MOREIRA;Directed
1;ESTR.CIRCUNVALAÇÃO;R.AMIAL;Directed
1;R.PROF.MOTA PINTO;R.ROCHA PEIXOTO;Directed
1;R.SOL POENTE;R.ENG.FERNANDO PINTO OLIVEIRA;Directed
1;RUA DE SARAH AFONSO;R.PADRE DIAMANTINO GOMES;Directed
1;AV.FLORES;R.DR.GERMANO VIEIRA;Directed
2;R.JORNAL NOTÍCIAS;R.SOEIRO MENDES;Directed
1;ESTR.CIRCUNVALAÇÃO;TV.ENXURREIRAS;Directed
2;R.COMBATENTES G.GUERRA;R.5 OUTUBRO;Directed
5;R.DR.MAGALHÃES LEMOS;AV.ALIADOS;Directed
1;R.JORNAL NOTÍCIAS;R.PROF.ALVARO RODRIGUES;Directed
1;R.SILVA TAPADA;R.ASSIS VAZ;Directed
4;LGO.FERREIRA LAPA;PR.GALIZA;Directed
3;VL9;R.FONTAINHAS;Directed
1;R.CENTRAL ARDEGÃES;R.SIMÕES LOPES;Directed
1;AV.CARVALHA;AV.DA CONDUTA;Directed
1;AV.DR.ANTUNES GUIMARÃES;LGO.LAPA;Directed
4;R.PAULO GAMA;R.PAULO GAMA;Directed
6;R.MOUZINHO SILVEIRA;R.MOUZINHO SILVEIRA;Directed
1;R.VILARINHA;R.D.NUN''ÁLVARES PEREIRA;Directed
2;R.D.JOÃO IV;R.ALEGRIA;Directed
1;R.CÊRCO PORTO;R.ANTERO ANTUNES DE ALBUQUERQUE;Directed
1;LGO.CAPELA;R.LINHARES;Directed
1;AV.ANTUNES GUIMARÃES;R.ANGOLA;Directed
1;AV.ANTUNES GUIMARÃES;R.SAGRES;Directed
3;R.MOUZINHO SILVEIRA;R.NOVA ALFÂNDEGA;Directed
2;R.JÚLIO DINIS;R.D.AFONSO HENRIQUES;Directed
2;R.PORTO MOURO;R.PORTO MOURO;Directed
2;C.MÁRTIRES PÁTRIA;PR.ALMEIDA GARRETT;Directed
3;R.GENERAL HUMBERTO DELGADO;R.D.AMÉLIA M.ALVES;Directed
1;AV.FERNÃO MAGALHAES;R.CONTUMIL;Directed
20;R.CONSTITUIÇÃO;R.CONSTITUIÇÃO;Directed
1;R.D.FREI ESTEVES VASQUEZ PIMENTEL;LGO.S.SEBASTIÃO;Directed
3;R.PADRE ANTÓNIO VIEIRA;R.HEROÍSMO;Directed
1;AV.DA CONDUTA;AV.CARVALHA;Directed
3;R.CALHEIROS LOBO;R.MACHADO SANTOS;Directed
4;R.D.JOÃO IV;R.D.JOÃO IV;Directed
2;R.STA.LUZIA;R.STA.LUZIA;Directed
1;R.DR.JOAQUIM NOGUEIRA SANTOS;R.SALGUEIROS;Directed
2;R.ANÍBAL CUNHA;R.OLIVEIRA MONTEIRO;Directed
8;R.BARREIRO;R.BARREIRO;Directed
1;VILA D''ESTE;PR.JOÃO OLIVEIRA MARQUES;Directed
10;R.D.MANUEL II;R.ALBERTO AIRES GOUVEIA;Directed
1;R.1 MAIO (N 105);R.N.SRA.DO AMPARO;Directed
3;R.JÚLIO DINIS;PR.GALIZA;Directed
1;R.DE MARIA LAMAS;RUA DE SARAH AFONSO;Directed
2;R.ARRÁBIDA;R.ARRÁBIDA;Directed
1;R.ARREGADAS;R.CENTRAL ARDEGÃES;Directed
2;R.VISCONDE DEVESAS;R.CONS.VELOSO CRUZ;Directed
5;R.RIBEIRO CAMBADO;R.VASCO GAMA;Directed
27;R.SANTANA;R.SANTANA;Directed
4;LGO.ESTAÇÃO;R.VASCO GAMA;Directed
1;R.MANUEL PINTO AZEVEDO;R.CRUZES;Directed
1;R.CORONEL RAÚL PERES;ESPLANADA CASTELO;Directed
6;R.S.ROQUE LAMEIRA;R.ESCOLAS;Directed
1;R.SOARES REIS;TV.RASA;Directed
1;R.SILVA AROSO;R.OCIDENTAL;Directed
8;R.JÚLIO DINIS;R.D.MANUEL II;Directed
1;R.NAVAS TOLOSA;R.GAMA BARROS;Directed
1;R.OLIVEIRA MONTEIRO;PR.MOUZINHO ALBUQUERQUE;Directed
1;AV.ANT.MACEDO;R.SANTA CASA MESERICORDIA MAIA;Directed
2;LGO.S.FRANCISCO;R.MOUZINHO SILVEIRA;Directed
1;R.GENERAL HUMBERTO DELGADO;R.ESCOLAS;Directed
1;AV.DOS SANATÓRIOS;AV.NUNO TRISTÃO;Directed
7;R.S.GENS;R.S.GENS;Directed
7;AV.FRANÇA;R.PEDRO HISPANO;Directed
2;R.SALGUEIROS;R.SALGUEIROS;Directed
1;R.SOARES REIS;R.CLUBE CAÇADORES;Directed
3;AEROPORTO;AV.AEROPORTO;Directed
1;PR.ESTAÇÃO;R.MEDANCELHE;Directed
2;R.IGREJA;AV.VISCONDE BARREIROS;Directed
3;R.AUGUSTO SIMÕES;R.CATASSOL;Directed
1;R.S.BRÁS;R.LINHARES;Directed
1;R.PEDRO ÁLVARES CABRAL;R.ENG. MAIA BERNARDO;Directed
2;AV.FRANÇA;R.NATÁRIA;Directed
1;R.ALEGRIA;R.SANTOS POUSADA;Directed
1;R.CORUJEIRAS;AV.GIL VICENTE;Directed
3;R.SANTOS POUSADA;R.SANTOS POUSADA;Directed
2;ESTR.CIRCUNVALAÇÃO;R.S.TOMÉ;Directed
3;R.RODRIGUES FREITAS;VL9;Directed
3;VIA ACESSO P.ARRÁBIDA-V.N.GAIA;R.CAMPO ALEGRE;Directed
1;R.DR.GERMANO VIEIRA;AV.DR.GERMANO VIEIRA;Directed
2;R.JOÃO REGRAS;LGO.LAPA;Directed
1;AV.N.SRA.NATIVIDADE;R.ANT.FELICIANO CASTILHO;Directed
2;R.PINHEIRO MANSO;R.CRUZES;Directed
1;AV.DA CONDUTA;R.LOURINHA;Directed
1;AV.CALOUSTE GULBENKIAM;R.DR.EDUARDO TORRES;Directed
1;AV.FABRIL NORTE;R.VASCO SANTANA;Directed
2;R.FERNANDES TOMÁS;R.D.JOÃO IV;Directed
1;AV.MARECHAL GOMES COSTA;R.DUARTE LOPES;Directed
1;R.LIMA JÚNIOR;R.S.DINIS;Directed
3;R.D.JOÃO CASTRO;R.N.SRA.AMPARO;Directed
1;R.FALCÃO;PR.CORUJEIRA;Directed
4;R.COSTA CABRAL;PR.MARQUÊS POMBAL;Directed
5;R.MACHADO SANTOS;R.FERNANDES ANJOS;Directed
1;R.VELOSO SALGADO;R.OSCAR DA SILVA;Directed
2;R.CARMO;R.CLEMENTE MENERES;Directed
5;R.ALEGRIA;R.ALEGRIA;Directed
7;PR.GALIZA;R.CAMPO ALEGRE;Directed
7;C.MÁRTIRES PÁTRIA;AV.ALIADOS;Directed
3;R.PEDRO ÁLVARES CABRAL;R.AFONSO ALBUQUERQUE;Directed
1;R.SRA.LUZ;R.CÊRCA;Directed
1;R.BONJÓIA;R.FREIXO;Directed
2;R.A.CASAIS MONTEIRO;R.ALBERTO AIRES GOUVEIA;Directed
1;R.ARRÁBIDA;VIA PANORÂMICA EDGAR CARDOSO;Directed
1;R.VITORINO DAMÁSIO;R.LUÍS WOODHOUSE;Directed
1;R.CRUZ GUARDEIRAS;R.5;Directed
2;AV.MARGINAL;URB.VILA D''ESTE;Directed
2;AV.BRASIL;R.CORONEL RAÚL PERES;Directed
1;R.PADRE JOSÉ P.DUARTE;R.PADRE JOSÉ P.DUARTE;Directed
1;AV.NUNO TRISTÃO;AV.DOS SANATÓRIOS;Directed
2;R.JÚLIO DINIS;R.RODRIGUES FREITAS;Directed
4;ALAM.BASÍLIO TELES;R.MONCHIQUE;Directed
2;R.CUSTIÓ;R.PONTE MOREIRA;Directed
1;AV.CONDE;R.5 OUTUBRO;Directed
2;AV.OLIVEIRA ZÍNA;AV.25 ABRIL;Directed
1;R.SOUSA AROSO;AV.MENERES;Directed
1;R.PAUS;R.PAUS;Directed
3;R.LATINO COELHO;R.NOVA S.CRISPIM;Directed
1;NOVO ARRUAMENTO;R.DR.ROBERTO FRIAS;Directed
3;PR.LIBERDADE;R.SÁ BANDEIRA;Directed
1;R.TENENTE VALADIM;R.VERA CRUZ;Directed
1;R.CRASTO;R.JOSÉ M.CASTRO PORTUGAL;Directed
5;R.OCIDENTAL;R.OCIDENTAL;Directed
1;R.RESTAURAÇÃO;ALAM.BASÍLIO TELES;Directed
1;R.PAUS;R.REGADIO;Directed
1;R.JOÃO DE BARROS;R.JOÃO DE BARROS;Directed
1;R.SOL POENTE;AV.COMBATENTES G.GUERRA;Directed
1;AV.ASSOC.EMP.DE PORTUGAL;VIA ACESSO CONTINENTE;Directed
1;R.CONS.LUÍS MAGALHÃES;R.CRUZ GUARDEIRAS;Directed
1;R.AFONSO ALBUQUERQUE;R.MEIRAL;Directed
1;R.MONTE MINA;R.MONTE MINA;Directed
1;R.LAGE;R.JOSÉ RODRIGUES JÚNIOR;Directed
3;ESTR.CIRCUNVALAÇÃO;R.BRITO CAPELO;Directed
1;PR.GUILHERMINA SUGGIA;AV.ENG.DUARTE PACHECO;Directed
3;ALAM.HERNÂNI MONTEIRO;R.DR.ROBERTO FRIAS;Directed
4;LGO.LAPA;PR.REPÚBLICA;Directed
1;R.ANTÓNIO GALVÃO;R.ALFREDO KEIL;Directed
1;R.BOA HORA;R.FERROVIÁRIO;Directed
2;R.PONTE PARADA;R.MANUEL GONÇALVES LAGE;Directed
4;AV.ENG.LUDGERO MARQUES;R.MACHADO SANTOS;Directed
2;R.OURO;LGO.ANT.CÁLEM;Directed
3;AV.CALOUSTE GULBENKIAM;AV.CALOUSTE GULBENKIAM;Directed
2;R.5 OUTUBRO;R.GUERRA JUNQUEIRO;Directed
6;R.DAMIÃO GÓIS;R.DAMIÃO GÓIS;Directed
2;AV.25 ABRIL;AV.OLIVEIRA ZÍNA;Directed
1;R.JERÓNIMO AZEVEDO;ESTR.CIRCUNVALAÇÃO;Directed
1;R.RODELO;R.ALTO CHAQUEDAS;Directed
5;R.MACHADO SANTOS;R.CALHEIROS LOBO;Directed
3;R.PINHEIRO MANSO;R.PROF.MOTA PINTO;Directed
1;R.MAINÇA;R.CMDTE.QUELHAS LIMA;Directed
1;AV.F.PEREIRA MELO;R.CONDE COVILHÃ;Directed
1;R.PINTOR ANTÓNIO CRUZ;R.JOÃO MASCARENHAS;Directed
1;R.SÁ E MELO;R.CMDTE.QUELHAS LIMA;Directed
2;R.CONSTITUIÇÃO;PR.MARQUÊS POMBAL;Directed
1;R.CAMPISMO;R.MARINHA;Directed
2;R.GONDIVAI;R.ARAÚJO;Directed
2;AV.25 ABRIL;R.CONDE FERREIRA;Directed
2;R.PONTE MOREIRA;R.CUSTIÓ;Directed
2;R.PASSARIAS;R.PASSARIAS;Directed
1;TV.ÁLVARO CASTELÕES;R.ÁLVARO CASTELÕES;Directed
1;AV.SIDÓNIO PAIS;AV.DR.ANTUNES GUIMARÃES;Directed
3;AV.SIDÓNIO PAIS;R.ARQUITETO CASSIANO BARBOSA;Directed
1;R.ARMANDO LAROZE ROCHA;R.STA.LUZIA;Directed
12;AV.ESCULTORES;AV.ESCULTORES;Directed
1;AV.COMERCIO  LEIXÕES;R.VELOSO SALGADO;Directed
4;R.DR.BERNARDINO MACHADO;R.DR.BERNARDINO MACHADO;Directed
3;R.DR.ALFREDO MAGALHÃES;R.JOÃO REGRAS;Directed
1;R.DR.OLIVEIRA LOBO;R.PADRE DEHON;Directed
1;R.DOMINGOS BARREIROS TOMÉ;R.SIMÃO BOLIVAR;Directed
2;R.ANTÓNIO FRANCISCO SOUSA;R.ESCOLA MANINHO;Directed
3;R.AGRA;R.AGRA;Directed
1;R.MIOSÓTIS;R.AMIAL;Directed
1;R.D.PEDRO V;R.CAMPO ALEGRE;Directed
1;R.MOSTEIRO LEÇA;R.FREI DIOGO MELO PEREIRA;Directed
3;R.ARQUITETO CASSIANO BARBOSA;R.PROF.MOTA PINTO;Directed
3;R.SERPA PINTO;R.SERPA PINTO;Directed
1;R.GUARDEIRAS;R.PEDRAS RUBRAS;Directed
1;R.LOMBA;R.PORTO MOURO;Directed
3;R.CÊRCA;R.DIOGO BOTELHO;Directed
2;R.ANÍBAL CUNHA;R.ANÍBAL CUNHA;Directed
1;R.AMIAL;R.ENG.CARLOS AMARANTE;Directed
1;LGO.ANT.CÁLEM;R.OURO;Directed
1;R.SOBREIRO;R.SENHOR;Directed
1;R.DR.GERMANO VIEIRA;R.MANUEL FERREIRA PINTO;Directed
3;R.1;R.1;Directed
4;ALAM.EMPRESA;LGO.MONTINHO;Directed
1;R.MONTE BURGOS;R.ARMANDO LAROZE ROCHA;Directed
1;R.D.FREI ESTEVES VASQUEZ PIMENTEL;R.LIONESA;Directed
1;AV.AEROPORTO;R.BOTICA;Directed
6;AV.SIDÓNIO PAIS;R.5 OUTUBRO;Directed
3;PR.MARQUÊS POMBAL;R.STA.CATARINA;Directed
1;R.5 OUTUBRO;AV.BOAVISTA;Directed
5;AV.RAMOS PINTO;AV.RAMOS PINTO;Directed
1;R.CAP.SALGUEIRO MAIA;AV.MARGINAL;Directed
4;R.SILVA BRINCO;R.AMIAL;Directed
4;R.AMIAL;R.VALE FORMOSO;Directed
3;R.SRA.LUZ;R.SRA.LUZ;Directed
1;R.CRUZES;R.MANUEL PINTO AZEVEDO;Directed
1;R.JORGE FERREIRINHA;R.CAVACO;Directed
1;R.LIONESA;NOVO ARRUAMENTO;Directed
1;R.JOSÉ LUIS ARAÚJO;R.FERNÃO MAGALHÃES;Directed
1;R.BEATA D. MAFALDA;R.BUÇACO;Directed
1;AV.MARECHAL GOMES COSTA;R.JOÃO DE BARROS;Directed
1;R.ROÇADAS;R.BELIDE;Directed
1;R.DIOGO BOTELHO;R.CONDOMINHAS;Directed
12;R.S.DINIS;R.S.DINIS;Directed
1;R.D.SILVIA ALVES TEIXEIRA;R.CAVACO;Directed
2;R.AGRA;R.VESSADA;Directed
2;ALAM.DAS ANTAS;AV.FERNÃO MAGALHAES;Directed
2;R.DR.JOSÉ AGUIAR NOGUEIRA;R.ESTAÇÃO;Directed
2;AV.BOAVISTA;R.RICARDO SEVERO;Directed
2;R.MOALDE;R.MOALDE;Directed
2;AV.VISCONDE BARREIROS;R.IGREJA;Directed
2;R.CONTUMIL;R.CONTUMIL;Directed
14;R.DR.ROBERTO FRIAS;R.DR.ROBERTO FRIAS;Directed
1;R.HERÓIS ÁFRICA;R.HERÓIS ÁFRICA;Directed
4;R.ÁLVARO CASTELÕES;R.ÁLVARO CASTELÕES;Directed
1;R.BOM SUCESSO;LGO.FERREIRA LAPA;Directed
12;AV.VASCO GAMA;AV.VASCO GAMA;Directed
1;R.FRANCISCO SANCHES;R.GENERAL NOTON DE MATOS;Directed
3;AV.REPÚBLICA;R.PÁDUA CORREIA;Directed
1;TV.PRELADA;R.CENTRAL FRANCOS;Directed
2;PRACETA OLIVEIRAS;R.ESCOLA MANINHO;Directed
1;NOVO ARRUAMENTO;AV.VILLAGARCIA AROSA;Directed
1;VIA PERIFÉRICA MAIA VERMOIM;R.ALTINO COELHO;Directed
1;R.GONDARÉM;R.CORONEL RAÚL PERES;Directed
1;AV.ANT.DOMINGUES SANTOS;AV.FABRIL NORTE;Directed
1;R.MANUEL ALVES REIS;R.JOSÉ M.CASTRO PORTUGAL;Directed
1;R.MORGADO MATEUS;AV.FERNÃO MAGALHAES;Directed
2;AV.MANUEL PINTO AZEVEDO;R.SENHOR;Directed
1;R.M.FERREIRA CRUZ;R.M.FERREIRA CRUZ;Directed
1;AV.CALOUSTE GULBENKIAM;AV.ANT.DOMINGUES SANTOS;Directed
1;R.AVILHO;R.TEIXEIRA LOPES;Directed
2;R.GONDIVAI;R.RECAREI;Directed
1;R.RODRIGUES FREITAS;AV.JOAO DEUS;Directed
1;ALAM.BASÍLIO TELES;ALAM.BASÍLIO TELES;Directed
6;R.CONS.LUÍS MAGALHÃES;R.CONS.LUÍS MAGALHÃES;Directed
1;AV.REPÚBLICA;R.SOARES REIS;Directed
1;ESTR.CIRCUNVALAÇÃO;R.VILARINHA;Directed
2;AV.FONTES PEREIRA MELO;AV.FONTES PEREIRA MELO;Directed
2;AV.VASCO GAMA;AV.ANTUNES GUIMARÃES;Directed
2;R.SIMÕES LOPES;ESTR.N.105;Directed
1;R.GONDIVAI;NOVO ARRUAMENTO;Directed
1;R.S.ROQUE LAMEIRA;ESTR.CIRCUNVALAÇÃO;Directed
1;R.VALE DOS AMORES;R.ALVES SALDANHA;Directed
8;R.ANTÓNIO FRANCISCO SOUSA;R.ANTÓNIO FRANCISCO SOUSA;Directed
1;R.SALGUEIROS;R.ESCOLAS;Directed
2;LGO.S.PEDRO CAMPANHÃ;R.MEIRAL;Directed
1;R.CALDEIREIROS;R.MOUZINHO SILVEIRA;Directed
2;LGO.RAMADA ALTA;R.BRITO CAPELO;Directed
2;R.PINTO MOURÃO FERREIRA;AV.REPÚBLICA;Directed
3;R.LIDADOR;R.LIDADOR;Directed
4;R.D.PEDRO V;R.D.PEDRO V;Directed
3;AV.AEROPORTO;AEROPORTO;Directed
3;R.PÁDUA CORREIA;R.PÁDUA CORREIA;Directed
2;R.BARREIRO;PRACETA OLIVEIRAS;Directed
2;R.GEN.TORRES;R.JÁU;Directed
1;AV.FONTES PEREIRA MELO;R.ROÇADAS;Directed
4;AV.CARVALHA;AV.D.JOAO I;Directed
9;AV.ANTÓNIO SANTOS LEITE;AV.ANTÓNIO SANTOS LEITE;Directed
1;AV.VASCO GAMA;R.PINHEIRO MANSO;Directed
7;R.DR.JOSÉ A.MARQUES;R.S.ROQUE LAMEIRA;Directed
4;R.ANTERO QUENTAL;R.VALE FORMOSO;Directed
1;R.5 OUTUBRO;AV.CONDE;Directed
1;R.PAÇO DE SOUSA;R.JORNAL NOTÍCIAS;Directed
10;R.TRINDADE;AV.ALIADOS;Directed
2;R.VESSADA;R.ARROTEIA;Directed
4;PR.EXÉRC.LIBERTADOR;R.CARVALHIDO;Directed
3;R.GEN.HUMBERTO DELGADO;R.GEN.HUMBERTO DELGADO;Directed
2;LGO.MONTINHO;R.REI RAMIRO;Directed
1;R.PESO REGUA;R.SANTA MARTA PENAGUIÃO;Directed
6;R.D.ANTÓNIO FERREIRA GOMES;R.VISCONDE DEVESAS;Directed
1;LGO.S.FRANCISCO;R.INFANTE D.HENRIQUE;Directed
3;AV.SIDÓNIO PAIS;AV.ASSOC.EMP.DE PORTUGAL;Directed
5;R.CAMPO ALEGRE;R.SERRALVES;Directed
3;LGO.VENDA NOVA;R.N.SRA.AMPARO;Directed
1;R.SÃO JOÃO BOSCO;R.ARQUITETO CASSIANO BARBOSA;Directed
1;R.TEATRO;PR.LIÉGE;Directed
2;R.ARAÚJO;R.GONDIVAI;Directed
6;R.AFONSO ALBUQUERQUE;R.S.ROQUE LAMEIRA;Directed
2;R.DIOGO BOTELHO;R.BARTOLOMEU VELHO;Directed
21;R.EDUARDO CASTRO GANDRA;R.EDUARDO CASTRO GANDRA;Directed
1;PR.MOUZINHO ALBUQUERQUE;PR.MOUZINHO ALBUQUERQUE;Directed
1;R.DR.MANUEL PEREIRA SILVA;R.DR.ROBERTO FRIAS;Directed
3;R.MEIRAL;R.MEIRAL;Directed
2;R.MARQUÊS SÁ BANDEIRA;LGO.AVIADORES;Directed
2;R.ANT.BERNARDINO ALMEIDA;R.ANT.BERNARDINO ALMEIDA;Directed
3;R.31 JANEIRO;R.31 JANEIRO;Directed
1;R.ESCOLAS;R.GENERAL HUMBERTO DELGADO;Directed
2;R.HENRIQUE BRAVO;R.HENRIQUE BRAVO;Directed
6;R.CAMILO CASTELO BRANCO;R.CAMILO CASTELO BRANCO;Directed
1;R.NOVA ALFÂNDEGA;LGO.ALFÂNDEGA;Directed
1;R.ALTINO COELHO;R.JACINTOS;Directed
1;LGO.S.SEBASTIÃO;R.D.FREI ESTEVES VASQUEZ PIMENTEL;Directed
6;R.JOSÉ JOAQUIM R.TELES;R.JOSÉ JOAQUIM R.TELES;Directed
9;R.ELISIO DE MELO;PR.GUILHERME GOMES FERNANDES;Directed
3;R.DR.EDUARDO TORRES;AV.VILLAGARCIA AROSA;Directed
1;ESTR.CIRCUNVALAÇÃO;R.ANT.BERNARDINO ALMEIDA;Directed
1;R.JORGE FERREIRINHA;TV.5 OUTUBRO;Directed
2;R.FONSECA DIAS;R.ESTAÇÃO;Directed
3;AV.ENG.DUARTE PACHECO;AV.SERPA PINTO;Directed
1;R.AGRA;R.CINCO OUTUBRO;Directed
8;R.CORONEL CARLOS MOREIRA;R.CORONEL CARLOS MOREIRA;Directed
4;R.MONTE BURGOS;PR.EXÉRC.LIBERTADOR;Directed
1;R.GUERRA JUNQUEIRO;AV.BOAVISTA;Directed
3;R.FALCÃO;R.FALCÃO;Directed
2;R.D.MANUEL II;R.VILAR;Directed
1;R.DR.MANUEL PEREIRA SILVA;R.IGREJA PARANHOS;Directed
1;R.ÁLVARES CABRAL;R.GONÇALO CRISTÓVÃO;Directed
3;C.24 AGOSTO;AV.FERNÃO MAGALHAES;Directed
1;R.MOUZINHO SILVEIRA;PR.LIBERDADE;Directed
3;R.DR.FERREIRA SILVA;R.CARMO;Directed
1;R.CAVACO;R.D.SILVIA ALVES TEIXEIRA;Directed
1;AV.MENERES;R.ROBERTO IVENS;Directed
2;R.SAGRES;R.FEZ;Directed
1;TV.DOS MANINHOS;R.HENRIQUE BARROS;Directed
1;R.SÁ BANDEIRA;R.ALBERTO AIRES GOUVEIA;Directed
1;R.GODINHO FARIA;R.ABEL SALAZAR;Directed
1;R.ALTINO COELHO;VIA PERIFÉRICA MAIA VERMOIM;Directed
1;R.ILHA S.MIGUEL;R.ARROTEIA;Directed
3;R.D.AFONSO HENRIQUES;ESTR.CIRCUNVALAÇÃO;Directed
1;R.ESCOLAS;R.PESO REGUA;Directed
5;R.FERNANDES ANJOS;R.VERA CRUZ;Directed
1;R.FERNÃO MENDES PINTO;AV.REPÚBLICA;Directed
2;R.CONS.LUÍS MAGALHÃES;R.PONTE MOREIRA;Directed
1;ESTR.CIRCUNVALAÇÃO;R.CEGONHAS;Directed
8;R.RODRIGUES FREITAS;R.RODRIGUES FREITAS;Directed
4;ESPLANADA RIO JANEIRO;ESTR.CIRCUNVALAÇÃO;Directed
1;R.BORDEAUX;R.JOÃO COUTINHO;Directed
2;R.D.PEDRO V;ALAM.BASÍLIO TELES;Directed
1;AV.N.SRA.NATIVIDADE;TV.NOVA DA GIESTA;Directed
4;C.24 AGOSTO;R.FERNANDES TOMÁS;Directed
1;R.CMDTE.QUELHAS LIMA;R.MAINÇA;Directed
3;PR.MOUZINHO ALBUQUERQUE;AV.FRANÇA;Directed
1;R.ANTÓNIO J.ALMEIDA;LGO.CAPELA;Directed
1;R.ANTÓNIO AROSO;R.PAÇO DE SOUSA;Directed
1;R.PROF.MANUEL CARDOSO RIBEIRO;R.PENA;Directed
1;AV.ENG.DUARTE PACHECO;R.CABEDA;Directed
4;R.CAMILO CASTELO BRANCO;AV.ESCULTORES;Directed
2;R.CAP.SALGUEIRO MAIA;R.CAP.SALGUEIRO MAIA;Directed
1;ALAM.DAS ANTAS;R.SILVA TAPADA;Directed
4;PEDRO HISPÂNO;R.PEDRO HISPANO;Directed
1;R.AREIAS;R.ALMEIRIGA NORTE;Directed
2;R.CONDE COVILHÃ;R.MANUEL PINTO AZEVEDO;Directed
1;R.BOA NOVA;R.BOA NOVA;Directed
1;R.PROF.ALVARO RODRIGUES;R.MARTIM MONIZ;Directed
2;R.CONSELHEIRO COSTA AROSO;R.CONSELHEIRO COSTA AROSO;Directed
2;ESTR.CIRCUNVALAÇÃO;R.FREIXO;Directed
2;R.DR.AIRES GOUVEIA OSÓRIO;AV.VASCO GAMA;Directed
3;VL9;R.RODRIGUES FREITAS;Directed
1;R.PINHEIRO;R.ANTERO QUENTAL;Directed
1;R.D.AFONSO HENRIQUES;R.MOSTEIRO;Directed
1;R.NATÁRIA;R.PRELADA;Directed
1;TV.SENRA;R.JOSÉ MARIA ALVES;Directed
4;R.FERNÃO MAGALHÃES;R.PEDRO ÁLVARES CABRAL;Directed
1;R.ROCHA PEIXOTO;R.DR.VASCO VALENTE;Directed
2;R.IGREJA;R.N.SRA.BOM DESPACHO;Directed
1;PR.PARADA LEITÃO;R.ASSUNÇÃO;Directed
2;R.GUARDEIRAS;R.GUARDEIRAS;Directed
1;R.BELIDE;R.ROÇADAS;Directed
1;R.VELOSO SALGADO;R.VELOSO SALGADO;Directed
5;R.AUGUSTO GOMES;R.ENTRE MUROS;Directed
4;R.ARQUITETO CASSIANO BARBOSA;AV.ASSOC.EMP.DE PORTUGAL;Directed
1;R.SRA.LUZ;R.TEATRO;Directed
1;R.BELIDE;R.MANUEL ALVES REIS;Directed
3;R.IGREJA;R.D.ANTÓNIO CASTRO MEIRELES;Directed
10;R.NOVA ALFÂNDEGA;R.NOVA ALFÂNDEGA;Directed
3;R.PROF.MOTA PINTO;R.ARQUITETO CASSIANO BARBOSA;Directed
1;R.ESTRADA NOVA;PR.ESTAÇÃO;Directed
17;R.ELIAS GARCIA;R.ELIAS GARCIA;Directed
1;R.MANUEL ALVES REIS;R.BELIDE;Directed
2;ESTR.N.105;R.ELIAS GARCIA;Directed
2;R.AMIAL;ESTR.CIRCUNVALAÇÃO;Directed
4;AV.GOMES JUNIOR;R.DR.DOMINGOS MATOS;Directed
2;R.SANTOS DIAS;R.GODINHO FARIA;Directed
2;IC2 ACESSOS;VIA ACESSO P.ARRÁBIDA-V.N.GAIA;Directed
15;R.ESCOLAS;R.ESCOLAS;Directed
2;VIA ESTRUTURANTE DE CRESTINS;R.BARREIRO;Directed
1;LGO.PADRE JOAQUIM SANTOS;R.TOURAIS;Directed
4;AV.INFANTE SAGRES;AV.INFANTE SAGRES;Directed
2;R.VILAR;R.VILAR;Directed
2;R.BOAVISTA;AV.BOAVISTA;Directed
2;AV.D.MANUEL II;AV.D.MANUEL II;Directed
1;R.P. ABÍLIO SAMPAIO;R.DR.BERNARDINO MACHADO;Directed
2;R.PADRE COSTA;AV.MARECHAL GOMES COSTA;Directed
2;AV.MONTEVIDEU;AV.BRASIL;Directed
3;AV.INFANTE D.HENRIQUE;AV.INFANTE D.HENRIQUE;Directed
1;R.FERROVIÁRIO;R.BOA HORA;Directed
1;R.S.VICENTE;R.MANUEL J.FERNANDES SANTOS;Directed
2;AV.F.PEREIRA MELO;R.JOÃO COUTINHO;Directed
2;LGO.ALJUBARROTA;AV.RAMOS PINTO;Directed
5;R.DR.SEVERIANO;AV.CARVALHA;Directed
1;R.MOLHE;R.MOLHE;Directed
2;R.SOL POENTE;R.SOL POENTE;Directed
1;R.FALCÃO;R.ESCOLAS;Directed
12;R.REI RAMIRO;R.REI RAMIRO;Directed
2;R.GONDARÉM;R.MARECHAL SALDANHA;Directed
2;R.FONSECA DIAS;R.ALVES SALDANHA;Directed
1;R.PENA;R.PROF.MANUEL CARDOSO RIBEIRO;Directed
21;R.S.VICENTE;R.S.VICENTE;Directed
1;TÚNEL RIBEIRA;AV.GUSTAVO EIFFEL;Directed
1;AV.GUSTAVO EIFFEL;AV.PAIVA COUCEIRO;Directed
2;AV.SALGADO ZENHA;R.PASSOS MANUEL;Directed
4;ALAM.HERNÂNI MONTEIRO;ESTR.CIRCUNVALAÇÃO;Directed
2;AV.GIL VICENTE;AV.GIL VICENTE;Directed
6;R.VERA CRUZ;LGO.MONTINHO;Directed
1;VIA ACESSO P.ARRÁBIDA-V.N.GAIA;R.BOM SUCESSO;Directed
1;AV.CALOUSTE GULBENKIAM;AV.VASCO GAMA;Directed
2;R.CONDE FERREIRA;AV.25 ABRIL;Directed
3;R.ANTÓNIO MANUEL SEQUEIRA;R.ANTÓNIO MANUEL SEQUEIRA;Directed
4;PR.GALIZA;R.D.MANUEL II;Directed
1;R.SENHOR MATOSINHOS;R.MATAS;Directed
1;R.M.FERREIRA CRUZ;R.PONTE PEDRA;Directed
3;LGO.LAPA;R.ANTERO QUENTAL;Directed
1;R.D.SILVIA ALVES TEIXEIRA;VIA PERIFÉRICA MAIA VERMOIM;Directed
1;AV.ANTÓNIO COELHO MOREIRA;LGO.EIRÓZ;Directed
2;R.GUERRA JUNQUEIRO;R.NOVA S.GEMIL;Directed
1;R.MONTE MINA;R.S.GENS;Directed
2;R.DR.AIRES GOUVEIA OSÓRIO;R.CRUZES;Directed
1;PR.PEDRA VERDE;R.SOEIRO MENDES;Directed
1;AV.VASCO GAMA;R.LIDADOR;Directed
12;R.CIDRES;R.CIDRES;Directed
2;R.NOVA S.GEMIL;R.GUERRA JUNQUEIRO;Directed
4;R.PEDRO ÁLVARES CABRAL;R.FERNÃO MAGALHÃES;Directed
5;R.JORNAL NOTÍCIAS;R.JORNAL NOTÍCIAS;Directed
1;AV.MARECHAL GOMES COSTA;AV.BOAVISTA;Directed
3;R.SANTANA;R.CATASSOL;Directed
1;AV.BOAVISTA;R.SAGRES;Directed
3;R.FERREIRA CASTRO;R.BORDEAUX;Directed
1;R.SANTOS POUSADA;R.BONFIM;Directed
1;R.JOSÉ RODRIGUES JÚNIOR;AV.D.MANUEL II;Directed
1;R.ESTEVES;AV.D.JOAO I;Directed
2;R.FREIXO;R.SRA.DA HORA;Directed
1;R.FREIXO;R.JUSTINO TEIXEIRA;Directed
3;R.MARTIM MONIZ;R.MARTIM MONIZ;Directed
1;LGO.SOUTO;R.DOMINGOS BONTEMPO;Directed
4;R.LINHARES;R.LINHARES;Directed
2;R.EDUARDO CASTRO GANDRA;R.ENG.FARINAS ALMEIDA;Directed
1;R.BUÇACO;R.NAVAS TOLOSA;Directed
2;R.PROF.MOTA PINTO;R.PROF.MOTA PINTO;Directed
8;R.ESTRADA NOVA;R.ESTRADA NOVA;Directed
3;R.ÁLVARES CABRAL;R.ÁLVARES CABRAL;Directed
3;R.NATÁRIA;PEDRO HISPÂNO;Directed
2;R.ALFREDO CUNHA;R.ALFREDO CUNHA;Directed
4;R.NOVA ALFÂNDEGA;R.MONCHIQUE;Directed
1;AV.BOAVISTA;R.S.JOÃO BRITO;Directed
1;AV.DR.GERMANO VIEIRA;R.DR.GERMANO VIEIRA;Directed
1;R.ANTÓNIO FRANCISCO SOUSA;LGO.CABINE;Directed
38;AV.CARVALHA;AV.CARVALHA;Directed
1;AV.ENG.DUARTE PACHECO;R.RIBEIRO CAMBADO;Directed
1;R.JERÓNIMO AZEVEDO;R.JOÃO COUTINHO;Directed
5;TÚNEL RIBEIRA;R.INFANTE D.HENRIQUE;Directed
2;TV.CAVADA NOVA;TV.CAVADA NOVA;Directed
1;R.ESTEVES;R.PADRE DEHON;Directed
3;R.GODINHO FARIA;R.SANTANA;Directed
6;R.D.ANTÓNIO CASTRO MEIRELES;R.D.ANTÓNIO CASTRO MEIRELES;Directed
3;R.DUQUE LOULÉ;AV.RODRIGUES FREITAS;Directed
3;R.D.AMÉLIA M.ALVES;R.GUERRA JUNQUEIRO;Directed
1;AV.DR.ANTUNES GUIMARÃES;AV.LIBERDADE;Directed
1;R.LEVADA;R.ACTOR MÁRIO VIEGAS;Directed
10;R.OSCAR DA SILVA;R.OSCAR DA SILVA;Directed
4;R.MANUEL LARANJEIRA;R.MANUEL LARANJEIRA;Directed
1;R.SIMÕES LOPES;R.ELIAS GARCIA;Directed
4;R.MONCHIQUE;R.NOVA ALFÂNDEGA;Directed
1;R.LATINO COELHO;R.ALEGRIA;Directed
1;R.JOÃO MASCARENHAS;R.DIOGO BOTELHO;Directed
1;ALAMEDA CARTES;R.BEATA D. MAFALDA;Directed
1;R.CARMO;R.CARMO;Directed
1;R.S.JOÃO BRITO;R.PROF.MOTA PINTO;Directed
1;R.LIDADOR;AV.VASCO GAMA;Directed
4;R.D.AFONSO HENRIQUES;R.COSTA CABRAL;Directed
1;R.CABEDA;AV.ENG.DUARTE PACHECO;Directed
6;AV.FRANÇA;LGO.FERREIRA LAPA;Directed
1;R.AUGUSTO ROSA;PR.BATALHA;Directed
1;R.CORONEL CARLOS MOREIRA;R.CONS.LUÍS MAGALHÃES;Directed
10;R.D.MANUEL II;R.JÚLIO DINIS;Directed
1;PR.GUILHERME GOMES FERNANDES;PR.PARADA LEITÃO;Directed
1;R.JOÃO BARROS;R.FERNÃO LOPES;Directed
4;R.CAMPO ALEGRE;R.JÚLIO DINIS;Directed
4;R.MOUZINHO SILVEIRA;R.INFANTE D.HENRIQUE;Directed
1;ESTR.CIRCUNVALAÇÃO;R.DIREITA VISO;Directed
1;R.D.MANUEL II;LGO.OUTEIRO VERMOIM;Directed
2;R.LÓ FERREIRA;R.ROBERTO IVENS;Directed
1;R.MONTE PIPOS;R.MONTE PIPOS;Directed
1;R.MANUEL J.FERNANDES SANTOS;R.BELA;Directed
1;R.LIDADOR;R.MARTIM MONIZ;Directed
4;R.COSTA CABRAL;R.D.AFONSO HENRIQUES;Directed
1;R.AUGUSTO LESSA;R.VITORINO DAMÁSIO;Directed
1;R.DR.VASCO VALENTE;AV.ANTUNES GUIMARÃES;Directed
1;R.SOBREIRO;R.LAGOA;Directed
1;R.SIMÃO BOLIVAR;R.DOMINGOS BARREIROS TOMÉ;Directed
1;R.LAGE;R.AUGUSTO SIMÕES;Directed
2;AV.RAMOS PINTO;LGO.ALJUBARROTA;Directed
1;R.GATÕES;R.LOMBA;Directed
17;R.PEDRO ÁLVARES CABRAL;R.PEDRO ÁLVARES CABRAL;Directed
1;R.ANTÓNIO GALVÃO;R.FEZ;Directed
1;R.SANTA MARTA PENAGUIÃO;R.CÊRCO PORTO;Directed
1;R.FRANÇA BORGES;R.DOMINGOS BONTEMPO;Directed
3;R.D.MANUEL II;R.D.MANUEL II;Directed
10;R.MOSTEIRO;R.MOSTEIRO;Directed
1;R.BARROS LIMA;AV.FERNÃO MAGALHAES;Directed
2;AV.ANT.DOMINGUES SANTOS;AV.ANT.DOMINGUES SANTOS;Directed
4;R.ESTAÇÃO;R.FONSECA DIAS;Directed
1;PR.MARQUÊS POMBAL;PR.MARQUÊS POMBAL;Directed
1;R.5 OUTUBRO;AV.ANTÓNIO SANTOS LEITE;Directed
2;ALAM.DAS ANTAS;R.S.ROQUE LAMEIRA;Directed
1;R.GODINHO FARIA;R.SANTOS DIAS;Directed
5;VIA DE ARDEGÃES;VIA DE ARDEGÃES;Directed
5;R.INFANTE D.HENRIQUE;TÚNEL RIBEIRA;Directed
1;R.JOSÉ JOAQUIM R.TELES;R.FORMIGA;Directed
2;R.BARREIRO;VIA ESTRUTURANTE DE CRESTINS;Directed
1;RUA GEN. HUMBERTO DELGADO;RUA FERREIRA DE CASTRO;Directed
1;R.ENTRE MUROS;R.MATAS;Directed
1;R.GODINHO FARIA;R.SÁ E MELO;Directed
37;R.CONCEIÇÃO FERNANDES;R.CONCEIÇÃO FERNANDES;Directed
3;R.BOAVISTA;R.BOAVISTA;Directed
5;R.REGADIO;R.REGADIO;Directed
1;R.AMIAL;R.MONSANTO;Directed
1;R.CERRO;R.AREEIROS;Directed
3;R.BOLHÃO;R.SÁ BANDEIRA;Directed
1;R.BOLAMA;R.COSTA CABRAL;Directed
1;AV.COMBATENTES G.GUERRA;R.DR.JOSÉ D.OLIVEIRA;Directed
1;R.HERÓIS ÁFRICA;R.DR.ALBANO SÁ LIMA;Directed
1;R.SOEIRO MENDES;R.PROF.ALVARO RODRIGUES;Directed
2;R.TENENTE VALADIM;TV.TENENTE VALADIM;Directed
1;R.LARANJEIRAS;R.SANTOS DIAS;Directed
2;R.SÁ BANDEIRA;R.ELISIO DE MELO;Directed
3;R.FERNÃO MAGALHÃES;LGO.VENDA NOVA;Directed
8;R.S.ROQUE LAMEIRA;R.AFONSO ALBUQUERQUE;Directed
1;R.ARROTEIA;R.BOUÇA CAVADINHA;Directed
1;R.GEN.HUMBERTO DELGADO;R.9 AGOSTO;Directed
1;R.VILARINHA;R.MARTIM MONIZ;Directed
1;AV.AEROPORTO;R.BARREIRO;Directed
1;R.PADRE AMÉRICO;R.DR.GERMANO VIEIRA;Directed
1;R.CANTOR ZECA AFONSO;R.JOÃO PEDRO RIBEIRO;Directed
8;R.D.HENRIQUE CERNACHE;R.D.HENRIQUE CERNACHE;Directed
2;R.ALVARO RODRIGUES;ESTR.CIRCUNVALAÇÃO;Directed
66;AV.FERNÃO MAGALHAES;AV.FERNÃO MAGALHAES;Directed
3;R.PONTE PARADA;R.AGRA;Directed
1;R.MANUEL GONÇALVES LAGE;R.HENRIQUE BRAVO;Directed
1;AV.PAIVA COUCEIRO;AV.GUSTAVO EIFFEL;Directed
1;AV.D.AFONSO HENRIQUES;R.CONDE ALTO MEARIM;Directed
1;AV.ASSOC.EMP.DE PORTUGAL;ESTR.N.107;Directed
5;AV.CARVALHA;R.DR.SEVERIANO;Directed
1;R.QUINTA AMARELA;R.EGAS MONIZ;Directed
2;R.JOÃO PEDRO RIBEIRO;PR.MARQUÊS POMBAL;Directed
1;ESTR.N.107;ESTR.N.107;Directed
1;R.NOVA SANTEGÃOS;R.JOÃO VIEIRA;Directed
1;R.ILHAR MOURISCA;R.VALE DOS AMORES;Directed
2;R.GÓLGOTA;IC2 ACESSOS;Directed
1;R.JOÃO VIEIRA;R.MEDANCELHE;Directed
1;R.PASSEIO ALEGRE;R.SRA.LUZ;Directed
5;PR.DR.PEDRO.T.PEREIRA;R.BONFIM;Directed
1;R.CAMPO LINDO;LGO.CAMPO LINDO;Directed
4;AV.NUNO ÁLVARES;R.SOARES REIS;Directed
1;AV.DESCOBRIMENTOS;R.SENHOR MATOSINHOS;Directed
1;R.ARROTEIA;R.MANUEL J.FERNANDES SANTOS;Directed
1;AV.FRANÇA;R.QUINTA AMARELA;Directed
1;R.ENG.FERNANDO PINTO OLIVEIRA;R.SOL POENTE;Directed
1;TV.OUTEIRO TINE;R.AZEVÊDO;Directed
1;R.SOUSA AROSO;AV.D.MARIA II;Directed
1;R.ANTÓNIO CARDOSO;R.ANTÓNIO CARDOSO;Directed
1;R.NOVA SEIXO;R.S.GENS;Directed
3;R.NOVA S.CRISPIM;AV.FERNÃO MAGALHAES;Directed
2;R.25 ABRIL;LGO.STO.ANTONIO;Directed
3;R.SANTANA;R.GODINHO FARIA;Directed
1;AV.BOAVISTA;AV.MARECHAL GOMES COSTA;Directed
1;R.A.CASAIS MONTEIRO;R.A.CASAIS MONTEIRO;Directed
1;R.5 OUTUBRO;R.S.ROMÃO VERMOIM;Directed
1;PR.BATALHA;R.AUGUSTO ROSA;Directed
1;R.CONSTITUIÇÃO;R.CAMÕES;Directed
2;R.PADRE JOSÉ P.DUARTE;R.IGREJA;Directed
1;R.FONTE CONTUMIL;R.CONTUMIL;Directed
1;R.AREEIROS;R.CERRO;Directed
1;R.PENA;R.RODELO;Directed
4;AV.CONDE;AV.CONDE;Directed
3;R.FONTAINHAS;AV.RODRIGUES FREITAS;Directed
1;R.SARMENTO BEIRES;PEDRO HISPÂNO;Directed
1;R.ESTRADA NOVA;AV.DR.FRANCISCO SÁ CARNEIRO;Directed
1;AV.CALOUSTE GULBENKIAM;AV.SALGADO ZENHA;Directed
4;AV.D.JOAO I;AV.CARVALHA;Directed
1;AV.DIOGO LEITE;R.CÂNDIDO REIS;Directed
2;R.S.ROQUE LAMEIRA;ALAM.DAS ANTAS;Directed
6;PR.ALMEIDA GARRETT;R.SARAIVA DE CARVALHO;Directed
1;PR.MARQUÊS POMBAL;R.FARIA GUIMARÃES;Directed
1;R.MATAS;AV.DESCOBRIMENTOS;Directed
1;R.CRASTO;LGO.CABINE;Directed
1;LGO.CAMPO LINDO;R.CAMPO LINDO;Directed
1;R.AFONSO ALBUQUERQUE;R.AFONSO ALBUQUERQUE;Directed
1;R.CASTELOS;R.SARMENTO BEIRES;Directed
1;R.GONÇALO CRISTÓVÃO;PR.REPÚBLICA;Directed
1;R.SANTA CATARINA;R.DR.MAGALHÃES LEMOS;Directed
2;R.GONÇALVES ZARCO;R.S.BRÁS;Directed
6;R.STA.CATARINA;R.STA.CATARINA;Directed
4;LGO.D.LUIS I;AV.DIOGO LEITE;Directed
3;R.HERÓIS M.ANGOLA;R.ELISIO DE MELO;Directed
2;AV.DR.ANTUNES GUIMARÃES;AV.ANT.MACEDO;Directed
1;ESTR.CIRCUNVALAÇÃO;R.LIDADOR;Directed
3;R.MOUZINHO SILVEIRA;R.DR.MAGALHÃES LEMOS;Directed
1;R.PENEDO;R.BOA NOVA;Directed
7;PR.MOUZINHO ALBUQUERQUE;LGO.FERREIRA LAPA;Directed
1;R.S.ROMÃO VERMOIM;AV.ANTÓNIO SANTOS LEITE;Directed
2;R.CAMPO ALEGRE;R.GUERRA JUNQUEIRO;Directed
1;R.MOLHE;R.FEZ;Directed
1;R.GEN.SILVEIRA;R.MÁRTIRES LIBERDADE;Directed
1;R.PINHEIRO;R.5 OUTUBRO;Directed
11;AV.DA CONDUTA;AV.DA CONDUTA;Directed
5;R.ALEXANDRE HERCULANO;PR.BATALHA;Directed
1;R.PAÇO DE SOUSA;R.ANTÓNIO AROSO;Directed
3;R.TOMÁS RIBEIRO;AV.D.AFONSO HENRIQUES;Directed
10;ESTR.CIRCUNVALAÇÃO;ALAM.HERNÂNI MONTEIRO;Directed
4;R.28 JANEIRO;ALAM.EMPRESA;Directed
1;R.CAMPISMO;LGO.MOINHO VENTO;Directed
3;R.NOVA SEIXO;R.MONTE BURGOS;Directed
1;R.DR.GERMANO VIEIRA;AV.FLORES;Directed
1;R.DE MARIA LAMAS;R.CENTRAL FRANCOS;Directed
1;AV.AEROPORTO;R.JUSTINO MARQUES;Directed
1;R.PROF.AMADEU SANTOS;R.PROF.AMADEU SANTOS;Directed
1;R.CONSTITUIÇÃO;R.ANTERO QUENTAL;Directed
2;R.OLIVEIRA GAIO;R.OLIVEIRA GAIO;Directed
10;R.ALBERTO AIRES GOUVEIA;C.MÁRTIRES PÁTRIA;Directed
1;R.CAMPO LINDO;R.S.DINIS;Directed
1;R.ALFREDO KEIL;R.ANTÓNIO GALVÃO;Directed
1;R.D.AFONSO HENRIQUES;R.GUERRA JUNQUEIRO;Directed
2;R.RODRIGUES FREITAS;R.JÚLIO DINIS;Directed
1;TV.RASA;R.JOÃO BARROS;Directed
1;R.DE ALTOS;AV.D.MANUEL II;Directed
1;R.FERNÃO LOPES;R.FERNÃO MENDES PINTO;Directed
1;R.RESTAURAÇÃO;R.CARMO;Directed
1;R.BRITO CAPELO;R.SOUSA AROSO;Directed
1;AV.FABRIL NORTE;AV.ANT.DOMINGUES SANTOS;Directed
1;R.9 AGOSTO;R.CABEDA;Directed
5;AV.RODRIGUES FREITAS;R.ALEXANDRE HERCULANO;Directed
1;R.MOALDE;R.HENRIQUE BRAVO;Directed
1;R.M.FERREIRA CRUZ;AV.FLORES;Directed
1;R.FARIA GUIMARÃES;R.JOÃO PEDRO RIBEIRO;Directed
1;LGO.S.FRANCISCO;R.BELMONTE;Directed
3;PRACETA HEROIS ULTRAMAR;R.GUERRA JUNQUEIRO;Directed
1;R.ORIENTAL;R.J.ALVES SILVA;Directed
1;R.MANARIZ;R.DR.OLIVEIRA LOBO;Directed
1;R.CRUZ GUARDEIRAS;R.CONS.LUÍS MAGALHÃES;Directed
4;AV.25 ABRIL;AV.DESPORTOS;Directed
1;AV.ANT.MACEDO;R.AUGUSTO SIMÕES;Directed
1;R.CRUZES;R.MANARIZ;Directed
2;R.D.SILVIA ALVES TEIXEIRA;R.D.SILVIA ALVES TEIXEIRA;Directed
1;R.PEDRAS RUBRAS;AEROPORTO;Directed
3;ESTR.CIRCUNVALAÇÃO;AV.FERNÃO MAGALHAES;Directed
1;R.EDUARDO J.R.FIGUEIRA;R.JULIÃO SARMENTO;Directed
2;R.D.HENRIQUE CERNACHE;R.DR.ALBERTO SOUSA VALENTE;Directed
1;R.FERNÃO MAGALHÃES;R.JOSÉ LUIS ARAÚJO;Directed
1;R.ANT.BERNARDINO ALMEIDA;R.DIONÍSIO SANTOS SILVA;Directed
3;R.DIOGO BOTELHO;PR.IMPÉRIO;Directed
3;R.DIOGO BOTELHO;R.CAMPO ALEGRE;Directed
1;R.ANÍBAL CUNHA;R.A.CASAIS MONTEIRO;Directed
2;AV.ESCULTORES;R.CAMILO CASTELO BRANCO;Directed
2;R.FONSECA DIAS;R.DR.JOSÉ AGUIAR NOGUEIRA;Directed
4;CASA DA MÚSICA;PR.MOUZINHO ALBUQUERQUE;Directed
2;AV.ALIADOS;R.SÁ BANDEIRA;Directed
6;PR.ALMEIDA GARRETT;R.MOUZINHO SILVEIRA;Directed
5;R.FARIA GUIMARÃES;R.FARIA GUIMARÃES;Directed
1;R.CORONEL CARLOS MOREIRA;R.CONSELHEIRO COSTA AROSO;Directed
2;LGO.PADRE JOAQUIM SANTOS;R.PASSOS MANUEL;Directed
5;R.S.ROQUE LAMEIRA;PR.DR.PEDRO.T.PEREIRA;Directed
2;R.5 OUTUBRO;R.MANUEL J.FERNANDES SANTOS;Directed
1;R.MONTE PIPOS;LGO.PADRE JOAQUIM SANTOS;Directed
1;R.D.AFONSO HENRIQUES;R.RESTAURAÇÃO;Directed
1;LGO.PADRE JOAQUIM SANTOS;R.MONTE PIPOS;Directed
1;R.FERREIRA SANTOS;R.FALCÃO;Directed
1;R.D.ANTÓNIO CASTRO MEIRELES;R.MANUEL GONÇALVES LAGE;Directed
1;R.SENDIM;R.REGADIO;Directed
1;AV.RAMOS PINTO;R.SERPA PINTO;Directed
6;R.PEDRO HISPANO;AV.SIDÓNIO PAIS;Directed
2;R.JÚLIO DINIS;PR.MOUZINHO ALBUQUERQUE;Directed
1;R.CENTRAL FRANCOS;R.FRANCOS;Directed
2;R.ALEIXO MOTA;R.PAULO GAMA;Directed
1;ESTR.N.107;AV.DR.ANTUNES GUIMARÃES;Directed
1;R.CONSTITUIÇÃO;R.FRANCISCO SANCHES;Directed
1;CASA DA MÚSICA;R.AUGUSTO SIMÕES;Directed
2;AV.VISCONDE BARREIROS;R.SANTA CASA MESERICORDIA MAIA;Directed
2;AV.AEROPORTO;AV.AEROPORTO;Directed
2;R.ROBERTO IVENS;AV.ENG.DUARTE PACHECO;Directed
1;AV.FERNÃO MAGALHAES;R.FERNANDES TOMÁS;Directed
1;ESTR.CIRCUNVALAÇÃO;ESPLANADA RIO JANEIRO;Directed
16;R.PADRE COSTA;R.PADRE COSTA;Directed
2;AV.GUSTAVO EIFFEL;AV.GUSTAVO EIFFEL;Directed
1;R.SANTOS DIAS;R.PONTE PEDRA;Directed
3;R.N.SRA.AMPARO;R.D.JOÃO CASTRO;Directed
1;R.ILHAR MOURISCA;R.EDUARDO J.R.FIGUEIRA;Directed
1;R.CONTUMIL;R.PROF.BONFIM BARREIROS;Directed
3;R.ALVES SALDANHA;AV.5 OUTUBRO;Directed
1;R.DR.MANUEL PEREIRA SILVA;R.DR.MANUEL PEREIRA SILVA;Directed
6;R.MANUEL PINTO AZEVEDO;R.MANUEL PINTO AZEVEDO;Directed
2;AV.FLORES;AV.FLORES;Directed
3;R.VASCO GAMA;R.D.ANTÓNIO CASTRO MEIRELES;Directed
1;R.BOUÇA CAVADINHA;ESTR.CIRCUNVALAÇÃO;Directed
1;C.24 AGOSTO;R.COELHO NETO;Directed
1;R.EDUARDO J.R.FIGUEIRA;R.ILHAR MOURISCA;Directed
3;R.JOÃO COUTINHO;R.JOÃO COUTINHO;Directed
2;R.MOUZINHO SILVEIRA;AV.ALIADOS;Directed
1;R.BELMONTE;R.BELMONTE;Directed
1;R.COELHO NETO;R.PASSOS MANUEL;Directed
1;AV.VASCO GAMA;AV.CALOUSTE GULBENKIAM;Directed
1;R.SIMÃO BOLIVAR;AV.VISCONDE BARREIROS;Directed
1;R.SILVA TAPADA;R.DIOGO CÃO;Directed
6;AV.ANTÓNIO SANTOS LEITE;R.AUGUSTO SIMÕES;Directed
1;R.PONTE DO CARRO;R.BOA HORA;Directed
4;AV.ASSOC.EMP.DE PORTUGAL;AV.ASSOC.EMP.DE PORTUGAL;Directed
5;PR.BATALHA;R.DR.MAGALHÃES LEMOS;Directed
1;R.BONFIM;R.PINTO BESSA;Directed
2;ALAM.BASÍLIO TELES;R.OURO;Directed
1;R.ESCOLAS;R.SALGUEIROS;Directed
1;R.TOMÁS RIBEIRO;R.TOMÁS RIBEIRO;Directed
2;R.D.FREI ESTEVES VASQUEZ PIMENTEL;R.D.FREI ESTEVES VASQUEZ PIMENTEL;Directed
1;AV.D.MANUEL II;R.JOSÉ RODRIGUES JÚNIOR;Directed
1;R.VILAR;R.PASSARIAS;Directed
2;R.25 ABRIL;AV.GEN.HUMBERTO DELGADO;Directed
1;AV.ANT.MACEDO;AV.COMERCIO  LEIXÕES;Directed
1;RUA ANTERO QUENTAL;R.FARRAPAS;Directed
1;R.BOTICA;R.GUARDEIRAS;Directed
4;R.CARVALHIDO;R.MONTE BURGOS;Directed
1;R.CASTELOS;AV.CIDADE XANGAI;Directed
1;R.S.GENS;R.QUATRO CAMINHOS;Directed
1;R.AUGUSTO SIMÕES;CASA DA MÚSICA;Directed
3;R.EDUARDO CASTRO GANDRA;R.GUERRA JUNQUEIRO;Directed
2;R.S.TOMÉ;ESTR.CIRCUNVALAÇÃO;Directed
2;R.FEZ;R.FEZ;Directed
2;R.BRITO CAPELO;AV.REPÚBLICA;Directed
1;AV.D.AFONSO HENRIQUES;PR.GUILHERMINA SUGGIA;Directed
1;AV.MARECHAL GOMES COSTA;R.AFONSO ALBUQUERQUE;Directed
2;R.CARMO;C.MÁRTIRES PÁTRIA;Directed
8;R.1 MAIO (N 105);R.1 MAIO (N 105);Directed
1;R.ANTÓNIO AROSO;AV.BOAVISTA;Directed
2;R.CALHEIROS LOBO;R.BARÃO CORVO;Directed
4;R.VALE FORMOSO;R.ANTERO QUENTAL;Directed
2;AV.D.MANUEL II;AV.VISCONDE BARREIROS;Directed
2;R.PADRE MAGALHÃES;R.CENTRAL CAMPO;Directed
1;R.OSCAR DA SILVA;R.VELOSO SALGADO;Directed
1;R.ENG.DUARTE PACHECO;R.DR.BERNARDINO MACHADO;Directed
1;R.DR.BERNARDINO MACHADO;R.ENG.DUARTE PACHECO;Directed
2;R.STA.LUZIA;R.AURÉLIO PAZ DOS REIS;Directed
3;R.ARROTEIA;R.PADRE COSTA;Directed
1;AV.ANTÓNIO SANTOS LEITE;R.5 OUTUBRO;Directed
1;R.PÁDUA CORREIA;R.CRASTO;Directed
1;R.FORMIGA;R.JOSÉ JOAQUIM R.TELES;Directed
1;R.TRINDADE;R.ELISIO DE MELO;Directed
1;R.ANGOLA;PR.PEDRA VERDE;Directed
3;ESTR.CIRCUNVALAÇÃO;R.GAMA BARROS;Directed
1;R.JOÃO DE BARROS;R.ALFREDO KEIL;Directed
1;R.BESSA LEITE;R.BESSA LEITE;Directed
5;R.CONS.VELOSO CRUZ;R.CONS.VELOSO CRUZ;Directed
1;R.S.BRÁS;AV.AEROPORTO;Directed
8;R.GENERAL HUMBERTO DELGADO;R.GENERAL HUMBERTO DELGADO;Directed
1;R.CÂNDIDO REIS;R.MONTE PIPOS;Directed
1;R.ANTERO ANTUNES DE ALBUQUERQUE;R.CÊRCO PORTO;Directed
1;R.ANT.BERNARDINO ALMEIDA;R.CORONEL ALMEIDA VALENTE;Directed
1;R.BELMONTE;R.TAIPAS;Directed
1;R.CONDE CASTELO MELHOR;ALAMEDA CARTES;Directed
2;R.MARTIM MONIZ;R.N.SRA. DA SILVA;Directed
9;AV.MARECHAL GOMES COSTA;AV.MARECHAL GOMES COSTA;Directed
3;AV.JOAO DEUS;AV.JOAO DEUS;Directed
1;R.GESTALINHO;R.P. ABÍLIO SAMPAIO;Directed
1;R.PROF.AMADEU SANTOS;R.MANUEL M.COSTA JÚNIOR;Directed
1;R.ANTÓNIO CÂNDIDO;R.BOLAMA;Directed
1;R.ALTO CHAQUEDAS;R.CERRO;Directed
1;R.MOLHE;R.PERO ALENQUER;Directed
1;R.ANGOLA;AV.ANTUNES GUIMARÃES;Directed
1;AV.BEIRA MAR;R.BÉLGICA;Directed
2;R.PASSOS MANUEL;AV.SALGADO ZENHA;Directed
8;AV.PAIVA COUCEIRO;AV.PAIVA COUCEIRO;Directed
1;R.JACINTOS;R.CEGONHEIRA;Directed
1;R.CANTOR ZECA AFONSO;R.CAMÕES;Directed
14;R.OURO;R.OURO;Directed
3;URB.VILA D''ESTE;R.CAP.SALGUEIRO MAIA;Directed
1;R.CEGONHEIRA;R.D.MANUEL II;Directed
3;LGO.COVILHÃ;R.EDUARDO CASTRO GANDRA;Directed
2;R.NOVA SEIXO;R.RECAREI;Directed
3;LGO.ESTAÇÃO;R.RODRIGUES FREITAS;Directed
7;R.CAMÕES;AV.ALIADOS;Directed
1;R.TELHEIRA;R.MIOSÓTIS;Directed
1;TV.DOS MANINHOS;R.PADRE AMÉRICO;Directed
2;R.DR.ROBERTO FRIAS;R.MANUEL LARANJEIRA;Directed
1;AV.RODRIGUES FREITAS;R.MORGADO MATEUS;Directed
5;R.MARQUÊS SÁ BANDEIRA;R.BARROSA;Directed
1;R.ANTÓNIO SIMÕES;R.D.ANTÓNIO CASTRO MEIRELES;Directed
4;R.MARINHA;R.MARINHA;Directed
2;R.BORDEAUX;R.JERÓNIMO AZEVEDO;Directed
12;R.N.SRA.AMPARO;R.N.SRA.AMPARO;Directed
4;PR.MARQUÊS POMBAL;R.COSTA CABRAL;Directed
1;TV.BICA VELHA;R.NATÁRIA;Directed
1;R.HENRIQUE BARROS;R.5 OUTUBRO;Directed
1;R.GUARDEIRAS;R.DR.FARINHOTE;Directed
1;R.PRAIA;R.CAMPISMO;Directed
6;PR.MOUZINHO ALBUQUERQUE;AV.BOAVISTA;Directed
2;R.AUGUSTO MARTINS;AV.ANTÓNIO SANTOS LEITE;Directed
3;AV.D.AFONSO HENRIQUES;R.D.NUN''ÁLVARES PEREIRA;Directed
1;R.MOSTEIRO;R.D.AFONSO HENRIQUES;Directed
3;R.DR.MAGALHÃES LEMOS;R.TRINDADE;Directed
1;AV.DR.DOMINGOS GONÇALVES DE SÁ;AV.DR.FRANCISCO SÁ CARNEIRO;Directed
1;PR.REPÚBLICA;R.TRINDADE;Directed
4;R.PADRE LUÍS CAMPOS;R.PADRE LUÍS CAMPOS;Directed
1;R.D.AFONSO II;R.CONCEIÇÃO FERNANDES;Directed
2;R.CÊRCA;AV.MARECHAL GOMES COSTA;Directed
1;R.IGREJA PARANHOS;R.BOLAMA;Directed
2;R.CINCO OUTUBRO;R.CINCO OUTUBRO;Directed
2;R.AUGUSTO LESSA;R.AUGUSTO LESSA;Directed
1;LGO.SOUTO;R.FONTE VELHA;Directed
4;AV.FRANÇA;R.CAPITÃO HENRIQUE GALVÃO;Directed
2;LGO.STO.ANTONIO;R.BENTO JESUS CARAÇA;Directed
1;R.ELIAS GARCIA;R.SIMÕES LOPES;Directed
4;R.OLIVEIRA MONTEIRO;PR.EXÉRC.LIBERTADOR;Directed
1;R.S.BRÁS;R.GONÇALVES ZARCO;Directed
12;R.PONTE PARADA;R.PONTE PARADA;Directed
1;R.HENRIQUE BARROS;TV.DOS MANINHOS;Directed
2;R.GUERRA JUNQUEIRO;R.MANUEL GONÇALVES LAGE;Directed
2;R.HERÓIS DO ULTRAMAR;R.CAP.SALGUEIRO MAIA;Directed
2;R.BARTOLOMEU VELHO;R.DIOGO BOTELHO;Directed
1;R.PADRE DEHON;R.CRUZES;Directed
2;LGO.FERREIRA LAPA;PR.MOUZINHO ALBUQUERQUE;Directed
1;R.1 MAIO (N 105);R.S.VICENTE;Directed
1;R.BELA;R.ILHA S.MIGUEL;Directed
2;PR.MUNICÍPIO;AV.D.MANUEL II;Directed
2;R.JOÃO COUTINHO;R.FERREIRA CASTRO;Directed
3;R.RODRIGUES FREITAS;AV.REPÚBLICA;Directed
6;R.CONDOMINHAS;R.CONDOMINHAS;Directed
2;R.D.HENRIQUE CERNACHE;AV.DESCOBRIMENTOS;Directed
1;R.GENERAL HUMBERTO DELGADO;R.ARREGADAS;Directed
2;R.ALFREDO CUNHA;R.LÓ FERREIRA;Directed
1;R.FRANCOS;R.FRANCOS;Directed
1;AV.CIDADE XANGAI;R.CASTELOS;Directed
1;R.JOÃO COUTINHO;R.PADRE DIAMANTINO;Directed
1;R.ANTÓNIO FRANCISCO SOUSA;R.CRASTO;Directed
2;R.MANUEL J.FERNANDES SANTOS;R.5 OUTUBRO;Directed
3;ALAM.HERNÂNI MONTEIRO;R.ARROTEIA;Directed
2;R.VASCO GAMA;AV.OLIVEIRA ZÍNA;Directed
1;R.PONTE PEDRA;R.M.FERREIRA CRUZ;Directed
1;R.DR.ALBANO SÁ LIMA;AV.COMBATENTES G.GUERRA;Directed
1;R.DR.EDUARDO TORRES;AV.CALOUSTE GULBENKIAM;Directed
2;AV.N.SRA.NATIVIDADE;R.GONÇALO MENDES MAIA;Directed
1;R.PONTE PARADA;R.D.ANTÓNIO CASTRO MEIRELES;Directed
3;R.STA.CATARINA;PR.MARQUÊS POMBAL;Directed
3;R.CAMPO ALEGRE;R.GÓLGOTA;Directed
7;R.RESTAURAÇÃO;R.RESTAURAÇÃO;Directed
1;R.LINHARES;LGO.CAPELA;Directed
4;AV.FERNÃO MAGALHAES;C.24 AGOSTO;Directed
1;LGO.ALFÂNDEGA;R.NOVA ALFÂNDEGA;Directed
1;R.LUÍS WOODHOUSE;R.SILVA TAPADA;Directed
1;R.FREI DIOGO MELO PEREIRA;R.MOSTEIRO LEÇA;Directed
4;R.FERNANDES TOMÁS;R.ALEXANDRE BRAGA;Directed
2;R.ESCOLA MANINHO;R.ANTÓNIO FRANCISCO SOUSA;Directed
3;R.AMIAL;R.SILVA BRINCO;Directed
1;R.DR.GERMANO VIEIRA;R.PADRE AMÉRICO;Directed
1;AV.DA CONDUTA;AV.DR.DOMINGOS GONÇALVES DE SÁ;Directed
1;R.ARNALDO LEITE;R.ARRÁBIDA;Directed
2;R.FERREIRA CASTRO;R.FERREIRA CASTRO;Directed
1;R.MARINHA;R.CAMPISMO;Directed
1;AV.DR.GERMANO VIEIRA;R.CINCO OUTUBRO;Directed
1;AV.D.MANUEL II;R.DE ALTOS;Directed
2;R.5 OUTUBRO;R.25 ABRIL;Directed
1;AV.FRANÇA;PR.MOUZINHO ALBUQUERQUE;Directed
1;R.JUSTINO MARQUES;TV.31 JANEIRO;Directed
6;R.BARROSA;R.D.ANTÓNIO FERREIRA GOMES;Directed
8;R.TENENTE VALADIM;R.TENENTE VALADIM;Directed
1;R.SERPA PINTO;R.CONS.VELOSO CRUZ;Directed
1;R.BOLAMA;R.COVÊLO;Directed
2;R.CONS.VELOSO CRUZ;R.BARÃO CORVO;Directed
3;AV.ALIADOS;R.HERÓIS M.ANGOLA;Directed
8;AV.ANT.MACEDO;AV.ANT.MACEDO;Directed
1;R.JOSÉ MARIA ALVES;R.BÉLGICA;Directed
2;R.GENERAL HUMBERTO DELGADO;R.D.AFONSO HENRIQUES;Directed
1;R.JOSÉ RODRIGUES JÚNIOR;R.LAGE;Directed
1;R.PASSARIAS;R.D.AFONSO HENRIQUES;Directed
1;C.MÁRTIRES PÁTRIA;R.CALDEIREIROS;Directed
2;R.BARÃO CORVO;R.JOSÉ MARIANI;Directed
4;R.SILVA BRINCO;R.GODINHO FARIA;Directed
2;PR.IMPÉRIO;PR.LIÉGE;Directed
1;R.GENERAL NOTON DE MATOS;CASA DA MÚSICA;Directed
2;R.RECAREI;R.FONTE VELHA;Directed
3;R.JOÃO PEDRO RIBEIRO;R.LATINO COELHO;Directed
7;AV.DESCOBRIMENTOS;AV.DESCOBRIMENTOS;Directed
2;R.BRITO CAPELO;R.BRITO CAPELO;Directed
1;AV.FRANÇA;R.SARMENTO BEIRES;Directed
1;R.S.ROQUE LAMEIRA;R.MAURICIO PEREIRA PINTO;Directed
1;R.CEGONHAS;ESTR.CIRCUNVALAÇÃO;Directed
1;LGO.OUTEIRO VERMOIM;R.S.ROMÃO VERMOIM;Directed
2;VIA ACESSO P.ARRÁBIDA-V.N.GAIA;R.CAMILO CASTELO BRANCO;Directed
1;R.ASSIS VAZ;R.AUGUSTO LESSA;Directed
1;R.ANTÓNIO MARQUES;R.PADRE LUÍS CAMPOS;Directed
1;R.MANUEL M.COSTA JÚNIOR;R.JOSÉ M.CASTRO PORTUGAL;Directed
1;R.MAINÇA;R.MAÍNÇA;Directed
1;AV.BOAVISTA;AV.FRANÇA;Directed
2;R.LARANJEIRAS;R.LARANJEIRAS;Directed
1;PR.LIBERDADE;PR.BATALHA;Directed
2;R.ALFREDO CUNHA;R.GODINHO;Directed
3;R.SERRALVES;R.DIOGO BOTELHO;Directed
2;R.ENG.CARLOS AMARANTE;R.ENG.CARLOS AMARANTE;Directed
1;R.GIL EANES;R.AFONSO ALBUQUERQUE;Directed
1;R.CIDRES;R.JUSTINO MARQUES;Directed
1;R.RIBEIRO CAMBADO;AV.ENG.DUARTE PACHECO;Directed
1;R.D.NUN''ÁLVARES PEREIRA;NOVO ARRUAMENTO;Directed
3;AV.INFANTE D.HENRIQUE;AV.DESCOBRIMENTOS;Directed
2;R.MANUEL LARANJEIRA;R.AUGUSTO LESSA;Directed
1;R.CORONEL RAÚL PERES;R.PASSEIO ALEGRE;Directed
3;AV.FERNÃO MAGALHAES;ALAM.DAS ANTAS;Directed
1;RUA FERREIRA DE CASTRO;R.CORUJEIRAS;Directed
2;R.ALDEIA NOVA;R.ALDEIA NOVA;Directed
11;AV.ALIADOS;R.TRINDADE;Directed
5;R.MARECHAL SALDANHA;R.MARECHAL SALDANHA;Directed
2;R.MIOSÓTIS;R.STA.LUZIA;Directed
1;R.MAURICIO PEREIRA PINTO;R.FERREIRA SANTOS;Directed
2;AV.VISCONDE BARREIROS;AV.VISCONDE BARREIROS;Directed
1;R.MOSTEIRO LEÇA;R.MAÍNÇA;Directed
1;ESTR.CIRCUNVALAÇÃO;R.ALVARO RODRIGUES;Directed
1;R.ANTERO QUENTAL;R.S.DINIS;Directed
1;R.IGREJA PARANHOS;LGO.CAMPO LINDO;Directed
2;LGO.CABINE;R.ANTÓNIO FRANCISCO SOUSA;Directed
1;R.CEDOFEITA;R.CEDOFEITA;Directed
1;LGO.CAPELA;R.ANT.JOSE ALMEIDA;Directed
3;R.NOVA S.CRISPIM;R.NOVA S.CRISPIM;Directed
2;R.SENHOR MATOSINHOS;AV.ENG.LUDGERO MARQUES;Directed
1;R.PASSARIAS;R.VILAR;Directed
2;AV.LIDADOR MAIA;AV.LIDADOR MAIA;Directed
1;R.LARANJEIRAS;R.HENRIQUE BRAVO;Directed
3;R.ANT.FELICIANO CASTILHO;R.GENERAL HUMBERTO DELGADO;Directed
1;R.ROCHA PEIXOTO;R.PROF.MOTA PINTO;Directed
21;R.NOVA SEIXO;R.NOVA SEIXO;Directed
2;R.FONSECA DIAS;R.CENTRAL CAMPO;Directed
2;AV.ANTUNES GUIMARÃES;AV.VASCO GAMA;Directed
5;R.NOVA ALFÂNDEGA;LGO.S.FRANCISCO;Directed
1;R.SANTOS DIAS;R.LARANJEIRAS;Directed
1;R.RESTAURAÇÃO;R.NOVA SANTEGÃOS;Directed
9;AV.ALIADOS;PR.ALMEIDA GARRETT;Directed
24;R.JÚLIO DINIS;R.JÚLIO DINIS;Directed
1;R.GODINHO;AV.SERPA PINTO;Directed
1;PR.IMPÉRIO;AV.BRASIL;Directed
1;R.AURÉLIO PAZ DOS REIS;R.ENG.CARLOS AMARANTE;Directed
1;R.LOURINHA;R.LOURINHA;Directed
2;R.N.SRA FÁTIMA;PR.MOUZINHO ALBUQUERQUE;Directed
3;R.D.JOÃO CASTRO;R.VASCO GAMA;Directed
1;R.AURÉLIO PAZ DOS REIS;R.MIOSÓTIS;Directed
1;R.MANUEL PINTO AZEVEDO;VIA ACESSO CONTINENTE;Directed
4;AV.D.AFONSO HENRIQUES;AV.D.AFONSO HENRIQUES;Directed
1;R.5 OUTUBRO;R.MONTE MINA;Directed
1;R.CORUJEIRAS;RUA ALFREDO DOS SANTOS OLIVEIRA;Directed
1;R.CONS.VELOSO CRUZ;R.PINTO MOURÃO FERREIRA;Directed
2;AV.MONTEVIDEU;R.GONDARÉM;Directed
3;PR.CIDADE SALVADOR;ESPLANADA RIO JANEIRO;Directed
1;AV.SERPA PINTO;R.TOMÁS RIBEIRO;Directed
2;AV.ANTUNES GUIMARÃES;R.CONDE COVILHÃ;Directed
1;R.SALGUEIROS;R.DR.JOAQUIM NOGUEIRA SANTOS;Directed
1;R.ARCO;R.M.FERREIRA CRUZ;Directed
2;R.CONCHAS;R.ESCOLAS;Directed
3;R.ROBERTO IVENS;PR.CIDADE SALVADOR;Directed
1;R.ROBERTO IVENS;R.SOUSA AROSO;Directed
2;R.RICARDO SEVERO;LGO.PRIORADO;Directed
1;R.SENDIM;R.ALFREDO CUNHA;Directed
5;R.MANUEL M.COSTA JÚNIOR;R.MANUEL M.COSTA JÚNIOR;Directed
2;R.FERNANDES TOMÁS;R.TRINDADE;Directed
2;R.N.SRA. DA SILVA;R.JORNAL NOTÍCIAS;Directed
2;R.DR.ALBERTO SOUSA VALENTE;R.SENHOR MATOSINHOS;Directed
5;R.DR.DOMINGOS MATOS;R.CALHEIROS LOBO;Directed
1;R.TEIXEIRA LOPES;LGO.SOUTO;Directed
1;R.JUSTINO TEIXEIRA;R.PINTO BESSA;Directed
1;R.CORONEL ALMEIDA VALENTE;R.DELFIM MAIA;Directed
1;AV.BOAVISTA;R.ANTÓNIO CARDOSO;Directed
1;TV.ENXURREIRAS;AV.N.SRA.NATIVIDADE;Directed
5;TV.FONTE VELHA;R.S.ROQUE LAMEIRA;Directed
1;R.BOM SUCESSO;R.GONÇALO SAMPAIO;Directed
1;AV.COMBATENTES G.GUERRA;AV.FERNÃO MAGALHAES;Directed
4;R.ALEXANDRE BRAGA;R.FORMOSA;Directed
2;AV.SERPA PINTO;R.ROBERTO IVENS;Directed
1;AV.LIBERDADE;AV.DR.ANTUNES GUIMARÃES;Directed
1;R.DE ALTOS;R.ANTÓNIO MARQUES;Directed
1;LGO.EIRÓZ;R.PENEDO;Directed
2;R.AUGUSTO LESSA;R.MANUEL LARANJEIRA;Directed
1;R.OSCAR DA SILVA;ESTR.N.107-FREIXIEIRO;Directed
26;R.GODINHO FARIA;R.GODINHO FARIA;Directed
3;AV.DESCOBRIMENTOS;AV.INFANTE D.HENRIQUE;Directed
4;R.MONCHIQUE;ALAM.BASÍLIO TELES;Directed
3;R.GUERRA JUNQUEIRO;R.EDUARDO CASTRO GANDRA;Directed
1;R.SAGRES;AV.ANTUNES GUIMARÃES;Directed
2;PR.MARQUÊS POMBAL;R.LATINO COELHO;Directed
3;AV.SERPA PINTO;AV.ENG.DUARTE PACHECO;Directed
1;R.FREIXO;AV.PAIVA COUCEIRO;Directed
1;R.JULIÃO SARMENTO;R.EDUARDO J.R.FIGUEIRA;Directed
3;R.D.AMÉLIA M.ALVES;R.GENERAL HUMBERTO DELGADO;Directed
5;R.JOÃO VIEIRA;R.JOÃO VIEIRA;Directed
1;R.S.JOÃO BRITO;AV.BOAVISTA;Directed
1;R.ALVES SALDANHA;R.VALE DOS AMORES;Directed
1;AV.FONTES PEREIRA MELO;AV.NUNO TRISTÃO;Directed
2;R.DR.ALFREDO MAGALHÃES;PR.REPÚBLICA;Directed
1;R.JOSÉ JOAQUIM R.TELES;R.D.ANTÓNIO CASTRO MEIRELES;Directed
3;R.FONTE VELHA;R.FONTE VELHA;Directed
1;R.HENRIQUE BRAVO;AV.CONDE;Directed
1;R.DR.ROBERTO FRIAS;R.DR.MANUEL PEREIRA SILVA;Directed
7;AV.ASSOC.EMP.DE PORTUGAL;AV.SIDÓNIO PAIS;Directed
9;R.SIMÕES LOPES;R.SIMÕES LOPES;Directed
1;R.PINTO BESSA;R.JUSTINO TEIXEIRA;Directed
1;R.BÉLGICA;TV.SENRA;Directed
9;R.JÚLIO DINIS;AV.FRANÇA;Directed
1;R.DOMINGOS BONTEMPO;LGO.SOUTO;Directed
1;R.ABEL SALAZAR;R.SANTOS DIAS;Directed
2;R.GONÇALO MENDES MAIA;ESTR.CIRCUNVALAÇÃO;Directed
1;R.CONSELHEIRO COSTA AROSO;R.CORONEL CARLOS MOREIRA;Directed
2;TV.TENENTE VALADIM;R.TENENTE VALADIM;Directed
1;ESPLANADA CASTELO;R.SRA.LUZ;Directed
1;LGO.LAPA;AV.ANT.MACEDO;Directed
1;R.QUATRO CAMINHOS;R.S.GENS;Directed
1;TV.CAVADA NOVA;R.JOSÉ LUIS ARAÚJO;Directed
53;AV.BOAVISTA;AV.BOAVISTA;Directed
5;R.ROBERTO IVENS;R.ROBERTO IVENS;Directed
1;R.AMIAL;R.CONDE AVRANCHES;Directed
2;R.5 OUTUBRO;LGO.FERREIRA LAPA;Directed
2;AV.BRASIL;AV.MONTEVIDEU;Directed
1;PR.JOÃO OLIVEIRA MARQUES;AV.MARGINAL;Directed
4;AV.DESPORTOS;AV.5 OUTUBRO;Directed
2;R.MANUEL GONÇALVES LAGE;R.GUERRA JUNQUEIRO;Directed
2;R.ALVES SALDANHA;R.FONSECA DIAS;Directed
1;R.ANT.BERNARDINO ALMEIDA;R.S.TOMÉ;Directed
5;R.SANTOS DIAS;R.SANTOS DIAS;Directed
2;AV.OLIVEIRA ZÍNA;R.VASCO GAMA;Directed
1;LGO.SOUTO;R.ANTÓNIO J.ALMEIDA;Directed
1;ALAMEDA REPÚBLICA;AV.INFANTE SAGRES;Directed
4;R.ORIENTAL;R.ORIENTAL;Directed
6;R.TRINDADE;R.DR.ALFREDO MAGALHÃES;Directed
14;R.BÉLGICA;R.BÉLGICA;Directed
2;R.JOSÉ MARIANI;R.VISCONDE DEVESAS;Directed
3;R.SANTA CASA MESERICORDIA MAIA;R.AUGUSTO MARTINS;Directed
1;AV.ANTUNES GUIMARÃES;R.DR.VASCO VALENTE;Directed
1;AV.BOAVISTA;R.ANTÓNIO AROSO;Directed
1;R.PADRE COSTA;R.MOALDE;Directed
1;LGO.MOINHO VENTO;R.AREEIROS;Directed
1;AV.DR.MANUEL T.RUELA;RUA Nº.1;Directed
1;AV.JOAO DEUS;R.RODRIGUES FREITAS;Directed
2;R.JOÃO DE BARROS;R.BARTOLOMEU VELHO;Directed
1;R.GENERAL HUMBERTO DELGADO;TV.NOVA DA GIESTA;Directed
1;PR.GUILHERME GOMES FERNANDES;PR.CARLOS ALBERTO;Directed
2;R.SÁ BANDEIRA;R.STA.CATARINA;Directed
1;R.DR.JOSÉ D.OLIVEIRA;R.HÍNTZE RIBEIRO;Directed
2;AV.GOMES JUNIOR;R.BARREIRO;Directed
1;R.SÁ BANDEIRA;R.GONÇALO CRISTÓVÃO;Directed
1;R.MÁRTIRES LIBERDADE;PR.REPÚBLICA;Directed
1;ESTR.N.107-FREIXIEIRO;RUA ANTERO QUENTAL;Directed
6;R.BONFIM;R.FERNANDES TOMÁS;Directed
2;R.GÓLGOTA;AV.ESCULTORES;Directed
2;R.BARREIRO;R.N.SRA.FATIMA;Directed
3;R.FERROVIÁRIO;R.FERROVIÁRIO;Directed
1;R.CONDOMINHAS;R.ALEIXO;Directed
1;R.DR.JOAQUIM NOGUEIRA SANTOS;R.DR.JOAQUIM NOGUEIRA SANTOS;Directed
1;R.ANTÓNIO PATRÍCIO;R.BESSA LEITE;Directed
1;R.MANUEL FERREIRA PINTO;TV.5 OUTUBRO;Directed
1;CASA DA MÚSICA;R.TRINDADE;Directed
5;R.FORMOSA;R.FORMOSA;Directed
1;AV.JOAO DEUS;AV.ENG.DUARTE PACHECO;Directed
3;R.CATASSOL;R.SANTANA;Directed
2;R.AFONSO ALBUQUERQUE;ESTR.CIRCUNVALAÇÃO;Directed
1;R.MANUEL J.FERNANDES SANTOS;R.S.VICENTE;Directed
6;AV.BOAVISTA;PR.MOUZINHO ALBUQUERQUE;Directed
2;R.CENTRAL CAMPO;R.FONSECA DIAS;Directed
2;AV.RODRIGUES FREITAS;R.HEROÍSMO;Directed
1;RUA ALFREDO DOS SANTOS OLIVEIRA;RUA FERREIRA DE CASTRO;Directed
2;R.ESCOLAS;R.CONCHAS;Directed
2;ALAM.BASÍLIO TELES;R.D.PEDRO V;Directed
3;ESTR.CIRCUNVALAÇÃO;R.D.AFONSO HENRIQUES;Directed
1;R.STA.LUZIA;R.PROF.SOUSA JÚNIOR;Directed
1;R.COSTA CABRAL;R.CONSTITUIÇÃO;Directed
1;LGO.PRIORADO;R.ANÍBAL CUNHA;Directed
1;AV.VILLAGARCIA AROSA;AV.MENERES;Directed
1;R.FREI DIOGO MELO PEREIRA;LGO.S.SEBASTIÃO;Directed
1;R.TENENTE VALADIM;R.BÉLGICA;Directed
18;R.D.JOÃO CASTRO;R.D.JOÃO CASTRO;Directed
1;AV.INFANTE SAGRES;ALAMEDA REPÚBLICA;Directed
1;VIA DE ARDEGÃES;R.SIMÕES LOPES;Directed
1;R.CARMO;R.ALBERTO AIRES GOUVEIA;Directed
1;R.DR.BERNARDINO MACHADO;R.P. ABÍLIO SAMPAIO;Directed
2;R.CENTRAL CAMPO;R.PADRE MAGALHÃES;Directed
1;R.BESSA LEITE;R.SERRALVES;Directed
1;R.MANUEL GONÇALVES LAGE;R.MOSTEIRO;Directed
1;R.PINTO BESSA;R.PINTO BESSA;Directed
3;AV.DIOGO LEITE;AV.RAMOS PINTO;Directed
6;AV.GOMES JUNIOR;AV.GOMES JUNIOR;Directed
1;R.HENRIQUE BRAVO;R.MOALDE;Directed
1;ROT. NATÁLIA CORREIA;R.JULIÃO SARMENTO;Directed
12;R.DR.EDUARDO TORRES;R.DR.EDUARDO TORRES;Directed
1;R.EGAS MONIZ;R.DAMIÃO GÓIS;Directed
3;R.N.SRA.AMPARO;LGO.VENDA NOVA;Directed
1;R.STA.LUZIA;R.MONTE BURGOS;Directed
1;R.D.ANTÓNIO CASTRO MEIRELES;R.ANTÓNIO SIMÕES;Directed
2;PR.MOUZINHO ALBUQUERQUE;R.N.SRA.FÁTIMA;Directed
4;R.ANTERO QUENTAL;LGO.LAPA;Directed
1;ALAM.BASÍLIO TELES;R.RESTAURAÇÃO;Directed
4;R.JOÃO PEDRO RIBEIRO;R.JOÃO PEDRO RIBEIRO;Directed
1;LGO.ANTÓNIO CÁLEM;R.OURO;Directed
1;PR.ESTAÇÃO;R.CALOUSTE GULBENKIAN;Directed
2;R.CONSTITUIÇÃO;R.SERPA PINTO;Directed
1;TV.OUTEIRO TINE;R.Dr MANUEL FIGUEIREDO;Directed
1;R.AZEVÊDO;R. AREIAS;Directed
1;R.CARLOS MAIA;LGO.IGREJA PARANHOS;Directed
3;R.D.NUN''ÁLVARES PEREIRA;AV.VILLAGARCIA AROSA;Directed
2;AV.MARECHAL GOMES COSTA;R.HENRIQUE BRAVO;Directed
2;R.HENRIQUE BRAVO;R.PADRE COSTA;Directed
2;R.SOEIRO MENDES;R.JORNAL NOTÍCIAS;Directed
1;R.FERROVIÁRIO;R.GATÕES;Directed
5;R.TENENTE VALADIM;R.MACHADO SANTOS;Directed
1;R.GUERRA JUNQUEIRO;R.D.AFONSO HENRIQUES;Directed
1;R.CONTUMIL;R.CONDE CASTELO MELHOR;Directed
1;R.ENG. MAIA BERNARDO;R.LEVADA;Directed
1;R.BARTOLOMEU VELHO;R.JOÃO RODRIGUES CABRILHO;Directed
6;R.CAMÕES;R.CAMÕES;Directed
1;R.COVÊLO;R.CANTOR ZECA AFONSO;Directed
1;R.SILVA TAPADA;R.SILVA TAPADA;Directed
16;R.VALE FORMOSO;R.VALE FORMOSO;Directed
1;AV.PAIVA COUCEIRO;R.FREIXO;Directed
3;R.ELIAS GARCIA;R.IGREJA;Directed
1;R.S.ROMÃO VERMOIM;R.D.MANUEL II;Directed
2;R.CORONEL RAÚL PERES;R.CORONEL RAÚL PERES;Directed
1;R.ALVARO RODRIGUES;R.SOEIRO MENDES;Directed
1;R.DR.JOAQUIM NOGUEIRA SANTOS;VIA DE ARDEGÃES;Directed
3;PR.REPÚBLICA;R.BOAVISTA;Directed
1;AV.SALGADO ZENHA;R. GENERAL JOSÉ VICENTE FREITAS;Directed
80;R.COSTA CABRAL;R.COSTA CABRAL;Directed
1;NOVO ARRUAMENTO;NOVO ARRUAMENTO;Directed
2;R.D.PEDRO V;AV.REPÚBLICA;Directed
2;LGO.FERREIRA LAPA;AV.FRANÇA;Directed
1;R.S.ROQUE LAMEIRA;R.FALCÃO;Directed
20;R.VASCO GAMA;R.VASCO GAMA;Directed
2;AV.REPÚBLICA;AV.SERPA PINTO;Directed
1;R.MONTE PIPOS;R.PORTO MOURO;Directed
15;AV.FRANÇA;AV.FRANÇA;Directed
1;TV.5 OUTUBRO;R.JORGE FERREIRINHA;Directed
1;R.INFANTE D.HENRIQUE;R.NOVA ALFÂNDEGA;Directed
4;PR.GONÇALVES ZARCO;ESPLANADA RIO JANEIRO;Directed
1;R.31 JANEIRO;R.OSCAR DA SILVA;Directed
4;R.AFONSO ALBUQUERQUE;AV.D.JOAO I;Directed
2;LGO.ANT.CÁLEM;R.PASSEIO ALEGRE;Directed
1;R.OCIDENTAL;R.ORIENTAL;Directed
3;R.N.SRA.DO AMPARO;R.N.SRA.DO AMPARO;Directed
2;ESTR.CIRCUNVALAÇÃO;R.ESTRADA NOVA;Directed
3;AV.VILLAGARCIA AROSA;AV.D.AFONSO HENRIQUES;Directed
7;R.FREIXO;R.FREIXO;Directed
1;R. AREIAS;R.AZEVÊDO;Directed
1;ESTR.CIRCUNVALAÇÃO;AV.DR.MANUEL T.RUELA;Directed
2;R.DR.EDUARDO TORRES;AV.ASSOC.EMP.DE PORTUGAL;Directed
1;R.TOURAIS;R.PAUS;Directed
3;R.MONSANTO;R.MONSANTO;Directed
2;AV.ANT.MACEDO;AV.DR.ANTUNES GUIMARÃES;Directed
1;R.CINCO OUTUBRO;AV.DR.GERMANO VIEIRA;Directed
3;AV.FERNÃO MAGALHAES;ESTR.CIRCUNVALAÇÃO;Directed
1;AV.GIL VICENTE;R.CORUJEIRAS;Directed
1;R.PINTO BESSA;R.BONFIM;Directed
1;R.MATAS;R.DR.DOMINGOS MATOS;Directed
1;R.LIONESA;R.D.FREI ESTEVES VASQUEZ PIMENTEL;Directed
1;LGO.CABINE;URB.JOSÉ DOMINGUES POÇAS;Directed
1;R.RESTAURAÇÃO;R.D.AFONSO HENRIQUES;Directed
1;R.S.DINIS;R.ANTERO QUENTAL;Directed
1;ESTR.CIRCUNVALAÇÃO;R.SILVA BRINCO;Directed
2;R.NOVA S.GEMIL;R.5 OUTUBRO;Directed
1;PR.CORUJEIRA;R.S.ROQUE LAMEIRA;Directed
5;R.CÊRCO PORTO;R.CÊRCO PORTO;Directed
1;R.DOMINGOS BARREIROS TOMÉ;R.ENG.DUARTE PACHECO;Directed
1;R.CÊRCO PORTO;R.DR.JOSÉ A.MARQUES;Directed
2;R.ARAÚJO;R.CUSTIÓ;Directed
2;R.VISCONDE DEVESAS;R.VISCONDE DEVESAS;Directed
2;R.BARREIRO;AV.GOMES JUNIOR;Directed
1;R.FARIA GUIMARÃES;LGO.IGREJA PARANHOS;Directed
1;TV.5 OUTUBRO;R.MANUEL FERREIRA PINTO;Directed
11;PR.GUILHERME GOMES FERNANDES;R.CARMO;Directed
1;R.ALEIXO;R.ARNALDO LEITE;Directed
1;R.MEDANCELHE;R.JOÃO VIEIRA;Directed
1;R.CAVACO;R.JORGE FERREIRINHA;Directed
1;R.ANTERO QUENTAL;R.CAMPO LINDO;Directed
1;R.D.ANTÓNIO CASTRO MEIRELES;R.ELIAS GARCIA;Directed
2;R.ESTRADA NOVA;ESTR.CIRCUNVALAÇÃO;Directed
1;R.N.SRA.DO AMPARO;R.1 MAIO (N 105);Directed
9;R.FERNANDES TOMÁS;R.FERNANDES TOMÁS;Directed
1;AV.ALIADOS;R.ELISIO DE MELO;Directed
1;R.ACTOR MÁRIO VIEGAS;R.LEVADA;Directed
3;R.CATASSOL;R.AUGUSTO SIMÕES;Directed
3;R.RODRIGUES FREITAS;R.VASCO GAMA;Directed
1;LGO.S.FRANCISCO;R.NOVA ALFÂNDEGA;Directed
2;R.N.SRA.FÁTIMA;LGO.RAMADA ALTA;Directed
1;R.MONTE PIPOS;AV.SALGADO ZENHA;Directed
1;R.ELIAS GARCIA;R.VILAR;Directed
3;R.ELIAS GARCIA;R.D.AFONSO HENRIQUES;Directed
1;R.JOSÉ M.CASTRO PORTUGAL;R.MANUEL ALVES REIS;Directed
1;R.S.TOMÉ;R.CONDE AVRANCHES;Directed
2;R.MARECHAL SALDANHA;AV.MONTEVIDEU;Directed
1;R.BONFIM;R.BARROS LIMA;Directed
7;R.ANTERO QUENTAL;R.ANTERO QUENTAL;Directed
1;R.P. ABÍLIO SAMPAIO;R.GESTALINHO;Directed
1;R.ALBERTO LAURA MOREIRA;R.ENG.FERNANDO PINTO OLIVEIRA;Directed
36;R.AMIAL;R.AMIAL;Directed
2;R.BARREIRO;AV.AEROPORTO;Directed
2;R.MARECHAL SALDANHA;R.CÂNDIDA SÁ ALBERGARIA;Directed
1;R.PASSOS MANUEL;R.DR.MAGALHÃES LEMOS;Directed
8;AV.RODRIGUES FREITAS;AV.RODRIGUES FREITAS;Directed
1;R.MANUEL FERREIRA PINTO;R.DR.GERMANO VIEIRA;Directed
1;R.DR.VASCO VALENTE;R.ROCHA PEIXOTO;Directed
2;R.ELIAS GARCIA;ESTR.N.105;Directed
1;R.ÁLVARO CASTELÕES;R.BOLAMA;Directed
1;PR.REPÚBLICA;LGO.LAPA;Directed
1;R.PADRE AMÉRICO;TV.DOS MANINHOS;Directed
2;R.CAP.SALGUEIRO MAIA;R.CONCEIÇÃO FERNANDES;Directed
2;R.IGREJA MADALENA;R.IGREJA MADALENA;Directed
2;R.SERRALVES;R.CONDOMINHAS;Directed
1;R.GODINHO;AV.D.AFONSO HENRIQUES;Directed
1;R.CMDTE.QUELHAS LIMA;R.GODINHO FARIA;Directed
1;R.ARREGADAS;R.AGRELA;Directed
1;R.JORNAL NOTÍCIAS;R.PAÇO DE SOUSA;Directed
20;R.CUSTIÓ;R.CUSTIÓ;Directed
2;R.JÁU;R.GEN.TORRES;Directed
2;R.BENTO JESUS CARAÇA;R.25 ABRIL;Directed
4;ESPLANADA RIO JANEIRO;PR.GONÇALVES ZARCO;Directed
1;R.FARRAPAS;R.CIDRES;Directed
7;R.D.ANTÓNIO CASTRO MEIRELES;LGO.ESTAÇÃO;Directed
18;R.MONTE BURGOS;R.MONTE BURGOS;Directed
1;R.GONÇALO CRISTÓVÃO;R.BOLHÃO;Directed
1;R.BOAVISTA;R.OLIVEIRA MONTEIRO;Directed
1;AV.ENG.DUARTE PACHECO;AV.COMERCIO  LEIXÕES;Directed
1;AV.ANTUNES GUIMARÃES;AV.BOAVISTA;Directed
1;R.ORIENTAL;R.CIDRES;Directed
1;RUA FERREIRA DE CASTRO;RUA GEN. HUMBERTO DELGADO;Directed
3;R.ENG.FARINAS ALMEIDA;R.ENG.FARINAS ALMEIDA;Directed
3;C.MÁRTIRES PÁTRIA;PR.LIBERDADE;Directed
1;R.BREINER;R.A.CASAIS MONTEIRO;Directed
2;AV.NUNO ÁLVARES;R.D.PEDRO V;Directed
13;R.MACHADO SANTOS;R.MACHADO SANTOS;Directed
1;R.CALOUSTE GULBENKIAN;TV.CALOUSTE GULBENKIAN;Directed
1;R.MOSTEIRO;R.MANUEL GONÇALVES LAGE;Directed
1;R.AUGUSTO LESSA;R.ÁLVARO CASTELÕES;Directed
22;R.BONFIM;R.BONFIM;Directed
8;R.CENTRAL CAMPO;R.CENTRAL CAMPO;Directed
2;R.MANUEL M.COSTA JÚNIOR;AV.ANTÓNIO COELHO MOREIRA;Directed
1;R.CONDE CASTELO MELHOR;R.SOUTO CONTUMIL;Directed
1;R.OCIDENTAL;R.AREIAS;Directed
12;VIA ESTRUTURANTE DE CRESTINS;VIA ESTRUTURANTE DE CRESTINS;Directed
1;AV.GIL VICENTE;R.FERNÃO LOPES;Directed
16;R.RECAREI;R.RECAREI;Directed
2;R.REI RAMIRO;AV.RAMOS PINTO;Directed
2;LGO.MIGUEL BOMBARDA;AV.DIOGO LEITE;Directed
1;AV.INFANTE SAGRES;AV.DOS SANATÓRIOS;Directed
1;R.JOÃO MASCARENHAS;R.JOÃO MASCARENHAS;Directed
20;AV.GEN.HUMBERTO DELGADO;AV.GEN.HUMBERTO DELGADO;Directed
1;R.TEATRO;R.DO FAROL;Directed
3;R.SARAIVA DE CARVALHO;R.DUQUE LOULÉ;Directed
1;R.ACTOR MÁRIO VIEGAS;AV.DA CONDUTA;Directed
